Survey Instance Id;School;Survey Creation Date;Survey Sent Date;Survey Progress;Survey Completed On;Survey Parent;Survey Package Name;Survey Package Id;S2_1.1;S2_1.2;S2_1.3;S2_1.4;S2_1.5;S2_1.6;S2_1.7;S2_1.8;S2_1.9;S2_1.10;S2_1.11;S2_1.13;S2_1.14;S2_1.16;S2_1.17;S2_1.18;S2_1.20_binnenkomst_school;S2_1.20_binnenkomst_klaslokaal;S2_1.20_binnenkomst_kantine;S2_1.20_niet;S2_1.21;S2_1.23_kleinere_klassen;S2_1.23_digitaal_hybride;S2_1.23_anders;S2_1.24;S2_1.25;S2_1.26;S2_1.26_Gespreide_pauzetijden;S2_1.26_Extra_pauzeruimtes_buiten_ingericht;S2_1.26_Extra_pauzeruimtes_binnen_ingericht;S2_1.26_deel_leerlingen_verblijven_pauze;S2_1.26_Leerlingen_pauzeren_in_eigen_klas;S2_1.26_Leerlingen_pauzeren_met_eigen_leerjaar;S2_1.26_Anders;S2_1.27;S2_1.28;S2_1.29;S2_1.31_medewerkers;S2_1.31_leerlingen;S2_1.31_nee
BEFA0F49-A5F6-4280-84C2-460AEE83BD75;46;15-4-2021 16:08;18-4-2021 10:24;100;19-5-2021 15:53;No parent;S2 Vragenlijst na testronde - HPC Charlois - testrondes 16-19 april;C182B193-48C7-4069-A37E-E56F54D1EA70;164;Leerling;1;0;Nee;;Beide;Ja;Leerlingen hebben alsnog de mogelijkheid gekregen het formulier te tekenen ;19;;Deels;afstand houden lukt  niet altijd  realistisch gezien;Ja, in een deel van de gangen/gedeelde ruimtes;Deels;Nee;0;0;0;0;;0;0;0;;;0;0;0;0;0;0;0;0;;;;0;0;0
8F31C794-AED3-476C-BD7F-21807FE08E5F;30;24-3-2021 18:48;24-3-2021 18:48;100;19-5-2021 16:30;No parent;S2 Vragenlijst na testronde - ProNova College - testrondes 23-25 maart;9EDF1FAB-292E-4148-80EA-B9F73010F8E2;73;Leerling;2;50;Nee;Geen;;Nee;;48;Zeer moeizame communicatie op vrijdagmiddag. De medewerkster wist soms niet hoe verder te handelen of moest toestemming vragen aan een meerdere. Met name de aanmelding per email verliep moeizaam. Toen we uiteindelijk hadden bereikt dat de school de link kreeg toegestuurd en dat wij er voor zouden zorgen dat de testleerlingen zich zouden aanmelden ging het sneller. Veel van onze leerlingen zouden anders niet verschijnen omdat ze de link niet beantwoorden.;Deels;Centrale aanmelding van de leerlingen door de mentor via de emailaccount van de leerling op school. Dit verliep zonder problemen en moeiteloos.;Ja, in een deel van de gangen/gedeelde ruimtes;Ja;Nee;1;1;0;0;Ja;1;0;0;50;;0;0;0;1;1;1;0;0;Voornamelijk losse zitplaatsen;Ja, per vak zelfde klassering;De leerlingen wisselen van klaslokalen tussen de lessen, docenten blijven (zoveel mogelijk) in hetzelfde lokaal;1;1;0
E736157C-23C0-4D77-ADE3-3FA537EDC14F;16;9-3-2021 9:58;12-3-2021 4:04;100;19-5-2021 16:04;No parent;S2 Vragenlijst na testronde - Marnix Gymnasium - testrondes 9-12 maart;8394A005-7A23-423E-9E1F-448B1F62FB75;25;Medewerker (contact leerling);3;;Ja;nee;;Ja;ja, door iedereen te informeren. daardoor hebben 3 lln extra zich gemeld;;;Deels;geen gespreide begin en eind tijden.;Ja, in alle gangen/gedeelde ruimtes;Ja;Ja;1;1;0;0;Nee;1;1;0;50;70;0;0;1;0;1;1;0;0;Voornamelijk losse zitplaatsen;Nee;Geen specifiek beleid voor het wisselen van de klaslokalen;1;1;0
0A47635C-5A00-43DD-A5D5-CE5C7EBD5383;42;20-4-2021 14:16;23-4-2021 4:05;100;19-5-2021 16:36;No parent;S2 Vragenlijst na testronde - St Gregorius College - testronde 22 april;B42F65AC-3FA8-4EAB-8346-D95D30437E38;173;Leerling;1;24;Nee;van de 24% praktjkonderwijs is de helft gym geweest, buiten. Verder geen idee van eventuele bijzonderheden ;Beide;Ja;Ook de 6 leerlingen uitgenodigd van wie niet bekend was of ze toestemming hadden van hun ouders/verzorgers.  Wat het resultaat is koppelde de sneltestaanbieder niet terug. ;64;De melding is op zaterdag gedaan. De betreffende leerlingen waren pas op dinsdag weer op school.Drie collega's die voor een sneltest uitgenodigd waren mbt een andere index (leerling uit klas s(i)2a) zijn meegegaan in een of beide sneltestrondes van m3a vanwege hun werkdagen.;Deels;"Het protocol is niet te handhaven mbt afstand houden in vrije ruimtes, leerlingen doen dat simpelweg niet. Gebruik van mondkapjes gaat redelijk. Schoonmaken van lokalen en materialen bij elke les wordt niet gedaan. Er staan wel overal schoonmaakdoekjes en schoonmaakmiddelen, desinfectiezuilen etc. Zie vragen hieronder...het is allemaal goed ingericht , al sinds juni (!) maar de praktijk is weerbarstig. ad 12: vaste looproutes en eenrichtingsverkeer ja. Maar passeren op 1,5 m afstand is op veel plekken ook niet eens mogelijk. ad 14: dat is niet mogelijkad 15: via posters wordt er opgeroepen en de desinfectiezuilen staan strategisch. Maar er is geen personeel om actief toezicht te houden, te vragen om te desinfecteren. Het gaat eigenlijk net zoals bij winkels. Ad 18: de opties die we niet hebben gebruikt zijn niet mogelijk, geen eigen buitenterrein- wijziging van start- en eindtijden roostertechnisch niet mogelijk. Het sociale aspect speelt ook een rol, veel leerlingen voelen zich slecht en staan er qua resultaten ook slecht voor.  Personeel en leerlingen lopen veelal op hun tandvlees. Fysiek onderwijs, relatie, echt in contact zijn is hard nodig.Ad 20: in onderbouwklassen zijn er (in principe) vaste plattegronden met "" buddies"" . In bovenbouwlesgroepen kan er niet goed met vaste plattegronden worden gewerkt, dat wisselt in elk geval per per groep.Ad 21: leerlingen hebebn behoefte aan tussendoor bewegen. En docenten hebben een active board, laptop etc. We hebben een verkort lesrooster met het oog op ieders belastbaarheid. van 40 min lessen gaat relatief veel tijd (ca 25%!) verloren als de docent alles opnieuw moet opstarten na een lokaalwissel. ";Ja, in alle gangen/gedeelde ruimtes;Ja;Nee;0;0;0;1;Nee;0;1;0;;40;0;1;0;1;0;0;0;1;Voornamelijk in tweetallen;Ja, per vak zelfde klassering;De leerlingen wisselen van klaslokalen tussen de lessen, docenten blijven (zoveel mogelijk) in hetzelfde lokaal;1;1;0
188131F5-ECA9-4944-9E4B-39E7FB1B8E3F;42;14-4-2021 9:27;14-4-2021 9:27;100;19-5-2021 16:34;No parent;S2 Vragenlijst na testronde - St Gregorius College - testrondes 8-12 april (index 1);067980CB-875E-4D41-874F-99C9AEC594FA;132;Leerling;1;0;Nee;De leerling was 5 april getest bij de GGD, had klachten. Ze is in afwachting van de testuitslag toch op school geweest, volgde 6 lesuren. Ze heeft tenminste 1 vriendin besmet. Ook in het weekend voor de test heeft ze met vrienden geleerd voor schoolexamens terwijl ze zich ziek voelde. De leerling belde me zelf haar besmetting door, 6 april toen ze de uitslag had. ;Beide;Ja;zie index 26 - 29 maart;16;;Deels;"Het protocol is niet te handhaven mbt afstand houden in vrije ruimtes, leerlingen doen dat simpelweg niet. Gebruik van mondkapjes gaat redelijk. Schoonmaken van lokalen en materialen bij elke les wordt niet gedaan. Er staan wel overal schoonmaakdoekjes en schoonmaakmiddelen, desinfectiezuilen etc. Zie vragen hieronder...het is allemaal goed ingericht , al sinds juni (!) maar de praktijk is weerbarstig. ad 12: vaste looproutes en eenrichtingsverkeer ja. Maar passeren op 1,5 m afstand is op veel plekken ook niet eens mogelijk. ad 14: dat is niet mogelijkad 15: via posters wordt er opgeroepen en de desinfectiezuilen staan strategisch. Maar er is geen personeel om actief toezicht te houden, te vragen om te desinfecteren. Het gaat eigenlijk net zoals bij winkels. Ad 18: de opties die we niet hebben gebruikt zijn niet mogelijk, geen eigen buitenterrein- wijziging van start- en eindtijden roostertechnisch niet mogelijk. Het sociale aspect speelt ook een rol, veel leerlingen voelen zich slecht en staan er qua resultaten ook slecht voor.  Personeel en leerlingen lopen veelal op hun tandvlees. Fysiek onderwijs, relatie, echt in contact zijn is hard nodig.Ad 20: in onderbouwklassen zijn er (in principe) vaste plattegronden met "" buddies"" . In bovenbouwlesgroepen kan er niet goed met vaste plattegronden worden gewerkt, dat wisselt in elk geval per per groep.Ad 21: leerlingen hebebn behoefte aan tussendoor bewegen. En docenten hebben een active board, laptop etc. We hebben een verkort lesrooster met het oog op ieders belastbaarheid. van 40 min lessen gaat relatief veel tijd (ca 25%!) verloren als de docent alles opnieuw moet opstarten na een lokaalwissel. ";Ja, in alle gangen/gedeelde ruimtes;Ja;Nee;0;0;0;1;Nee;0;1;0;;40;0;1;0;1;0;0;0;0;Voornamelijk in tweetallen;Ja, per vak zelfde klassering;De leerlingen wisselen van klaslokalen tussen de lessen, docenten blijven (zoveel mogelijk) in hetzelfde lokaal;1;1;0
5C5339D6-D839-429D-95F2-580AFA4D7A29;42;13-4-2021 14:01;13-4-2021 14:01;100;19-5-2021 16:38;No parent;S2 Vragenlijst na testronde - St Gregorius College - testrondes 26-29 maart (index 2);F9633770-6FC7-46DC-AA7B-CA83ECC30C92;83;Leerling;1;13;Nee;nee;Beide;Ja;Ook collega's uitnodigen en leerlingen  met ouders, verzorgers in cc die nog geen toestemming hadden gegeven. ;27;De eerste testronde was voor allen op 26 mrt. Twee momenten waren nodig voor de tweede testronde (29 en 30).;Deels;"Het protocol is niet te handhaven mbt afstand houden in vrije ruimtes, leerlingen doen dat simpelweg niet. Gebruik van mondkapjes gaat redelijk. Schoonmaken van lokalen en materialen bij elke les wordt niet gedaan. Er staan wel overal schoonmaakdoekjes en schoonmaakmiddelen, desinfectiezuilen etc. Zie vragen hieronder...het is allemaal goed ingericht , al sinds juni (!) maar de praktijk is weerbarstig. ad 12: vaste looproutes en eenrichtingsverkeer ja. Maar passeren op 1,5 m afstand is op veel plekken ook niet eens mogelijk. ad 14: dat is niet mogelijkad 15: via posters wordt er opgeroepen en de desinfectiezuilen staan strategisch. Maar er is geen personeel om actief toezicht te houden, te vragen om te desinfecteren. Het gaat eigenlijk net zoals bij winkels. Ad 18: de opties die we niet hebben gebruikt zijn niet mogelijk, geen eigen buitenterrein- wijziging van start- en eindtijden roostertechnisch niet mogelijk. Het sociale aspect speelt ook een rol, veel leerlingen voelen zich slecht en staan er qua resultaten ook slecht voor.  Personeel en leerlingen lopen veelal op hun tandvlees. Fysiek onderwijs, relatie, echt in contact zijn is hard nodig.Ad 20: in onderbouwklassen zijn er (in principe) vaste plattegronden met "" buddies"" . In bovenbouwlesgroepen kan er niet goed met vaste plattegronden worden gewerkt, dat wisselt in elk geval per per groep.Ad 21: leerlingen hebebn behoefte aan tussendoor bewegen. En docenten hebben een active board, laptop etc. We hebben een verkort lesrooster met het oog op ieders belastbaarheid. van 40 min lessen gaat relatief veel tijd (ca 25%!) verloren als de docent alles opnieuw moet opstarten na een lokaalwissel. ";Ja, in alle gangen/gedeelde ruimtes;Ja;Nee;0;0;0;1;Nee;0;1;0;;40;0;1;0;1;0;0;0;1;Voornamelijk in tweetallen;Ja, per vak zelfde klassering;De leerlingen wisselen van klaslokalen tussen de lessen, docenten blijven (zoveel mogelijk) in hetzelfde lokaal;1;1;0
7B16A265-D959-46C3-820F-3ECD2C322152;42;13-4-2021 14:01;13-4-2021 14:01;100;19-5-2021 16:37;No parent;S2 Vragenlijst na testronde - St Gregorius College - testrondes 26-29 maart (index 1);520F7C03-9344-4825-A7CD-3366344C28CF;82;Leerling;1;0;Nee;nee;Beide;Ja;Leerlingen en collega's uitnodigen die nog geen toestemming hadden gegeven, ouders/verzorgers in cc. Wat het resultaat is, wordt niet door de sneltestaanbieder teruggekoppeld naar school. ;26;Er waren twee eerste testrondes omdat sommige leerlingen dagelijks op school zijn, anderen om de dag. Ook collega's werken vaak parttime. Ronde 1 vr 26 en ma 29 mrt, ronde 2 wo 31 mrt;Deels;"Het protocol is niet te handhaven mbt afstand houden in vrije ruimtes, leerlingen doen dat simpelweg niet. Gebruik van mondkapjes gaat redelijk. Schoonmaken van lokalen en materialen bij elke les wordt niet gedaan. Er staan wel overal schoonmaakdoekjes en schoonmaakmiddelen, desinfectiezuilen etc. Zie vragen hieronder...het is allemaal goed ingericht , al sinds juni (!) maar de praktijk is weerbarstig. ad 12: vaste looproutes en eenrichtingsverkeer ja. Maar passeren op 1,5 m afstand is op veel plekken ook niet eens mogelijk. ad 14: dat is niet mogelijkad 15: via posters wordt er opgeroepen en de desinfectiezuilen staan strategisch. Maar er is geen personeel om actief toezicht te houden, te vragen om te desinfecteren. Het gaat eigenlijk net zoals bij winkels. Ad 18: de opties die we niet hebben gebruikt zijn niet mogelijk, geen eigen buitenterrein- wijziging van start- en eindtijden roostertechnisch niet mogelijk. Het sociale aspect speelt ook een rol, veel leerlingen voelen zich slecht en staan er qua resultaten ook slecht voor.  Personeel en leerlingen lopen veelal op hun tandvlees. Fysiek onderwijs, relatie, echt in contact zijn is hard nodig.Ad 20: in onderbouwklassen zijn er (in principe) vaste plattegronden met "" buddies"" . In bovenbouwlesgroepen kan er niet goed met vaste plattegronden worden gewerkt, dat wisselt in elk geval per per groep.Ad 21: leerlingen hebebn behoefte aan tussendoor bewegen. En docenten hebben een active board, laptop etc. We hebben een verkort lesrooster met het oog op ieders belastbaarheid. van 40 min lessen gaat relatief veel tijd (ca 25%!) verloren als de docent alles opnieuw moet opstarten na een lokaalwissel. ";Ja, in alle gangen/gedeelde ruimtes;Ja;Nee;0;0;0;1;Nee;0;1;0;;40;0;1;0;1;0;0;0;1;Voornamelijk in tweetallen;Ja, per vak zelfde klassering;De leerlingen wisselen van klaslokalen tussen de lessen, docenten blijven (zoveel mogelijk) in hetzelfde lokaal;1;1;0
88F0B168-6F11-41CF-8EE0-F3A128203965;42;14-4-2021 9:27;14-4-2021 9:27;100;19-5-2021 16:34;No parent;S2 Vragenlijst na testronde - St Gregorius College - testrondes 6-9 april;EF91FD12-C2E7-4432-94A8-07D880AC0D93;130;Leerling;1;0;Nee;Ja, deze leerling is nota bene op ma 5 april bij de GGD getest en is terwijl ze zich ziek voelde en de testuitslag afwachtte willens en wetens op school gekomen. Ook heeft ze in het weekend voor de test terwijl ze zich ziek voelde samen met vriendinnen SE's geleerd. ;Beide;Ja;Zie index 1 testronde 26 en 29 maart;48;Deze melding was lastig, eerst leek het alsof de leerling niet besmettelijk op school was geweest. Vervolgens bleken klachten toch 24 uur eerder begonnen waardoor hij wel besmettelijk op school was geweest. (door miscommunicatie tussen moeder en zoon). Daardoor is pas op 6 april 's avonds besloten dat er wel een sneltest moest worden ingezet.;Deels;"Het protocol is niet te handhaven mbt afstand houden in vrije ruimtes, leerlingen doen dat simpelweg niet. Gebruik van mondkapjes gaat redelijk. Schoonmaken van lokalen en materialen bij elke les wordt niet gedaan. Er staan wel overal schoonmaakdoekjes en schoonmaakmiddelen, desinfectiezuilen etc. Zie vragen hieronder...het is allemaal goed ingericht , al sinds juni (!) maar de praktijk is weerbarstig. ad 12: vaste looproutes en eenrichtingsverkeer ja. Maar passeren op 1,5 m afstand is op veel plekken ook niet eens mogelijk. ad 14: dat is niet mogelijkad 15: via posters wordt er opgeroepen en de desinfectiezuilen staan strategisch. Maar er is geen personeel om actief toezicht te houden, te vragen om te desinfecteren. Het gaat eigenlijk net zoals bij winkels. Ad 18: de opties die we niet hebben gebruikt zijn niet mogelijk, geen eigen buitenterrein- wijziging van start- en eindtijden roostertechnisch niet mogelijk. Het sociale aspect speelt ook een rol, veel leerlingen voelen zich slecht en staan er qua resultaten ook slecht voor.  Personeel en leerlingen lopen veelal op hun tandvlees. Fysiek onderwijs, relatie, echt in contact zijn is hard nodig.Ad 20: in onderbouwklassen zijn er (in principe) vaste plattegronden met "" buddies"" . In bovenbouwlesgroepen kan er niet goed met vaste plattegronden worden gewerkt, dat wisselt in elk geval per per groep.Ad 21: leerlingen hebebn behoefte aan tussendoor bewegen. En docenten hebben een active board, laptop etc. We hebben een verkort lesrooster met het oog op ieders belastbaarheid. van 40 min lessen gaat relatief veel tijd (ca 25%!) verloren als de docent alles opnieuw moet opstarten na een lokaalwissel. ";Ja, in alle gangen/gedeelde ruimtes;Ja;Nee;0;0;0;1;Nee;0;1;0;;40;0;1;0;1;0;0;0;0;Voornamelijk in tweetallen;Ja, per vak zelfde klassering;De leerlingen wisselen van klaslokalen tussen de lessen, docenten blijven (zoveel mogelijk) in hetzelfde lokaal;1;1;0
9B1E9D66-267B-43A5-AAF9-A3C842B29E47;42;14-4-2021 9:26;14-4-2021 9:26;100;19-5-2021 16:35;No parent;S2 Vragenlijst na testronde - St Gregorius College - testrondes 30 maart  - 1 april;9920CF7A-520D-40FC-9EA7-9E8D6D145562;99;Leerling;2;0;Ja;nee;Beide;Ja;zie index 1 van 26 en 29 maart;26;;Deels;"Het protocol is niet te handhaven mbt afstand houden in vrije ruimtes, leerlingen doen dat simpelweg niet. Gebruik van mondkapjes gaat redelijk. Schoonmaken van lokalen en materialen bij elke les wordt niet gedaan. Er staan wel overal schoonmaakdoekjes en schoonmaakmiddelen, desinfectiezuilen etc. Zie vragen hieronder...het is allemaal goed ingericht , al sinds juni (!) maar de praktijk is weerbarstig. ad 12: vaste looproutes en eenrichtingsverkeer ja. Maar passeren op 1,5 m afstand is op veel plekken ook niet eens mogelijk. ad 14: dat is niet mogelijkad 15: via posters wordt er opgeroepen en de desinfectiezuilen staan strategisch. Maar er is geen personeel om actief toezicht te houden, te vragen om te desinfecteren. Het gaat eigenlijk net zoals bij winkels. Ad 18: de opties die we niet hebben gebruikt zijn niet mogelijk, geen eigen buitenterrein- wijziging van start- en eindtijden roostertechnisch niet mogelijk. Het sociale aspect speelt ook een rol, veel leerlingen voelen zich slecht en staan er qua resultaten ook slecht voor.  Personeel en leerlingen lopen veelal op hun tandvlees. Fysiek onderwijs, relatie, echt in contact zijn is hard nodig.Ad 20: in onderbouwklassen zijn er (in principe) vaste plattegronden met "" buddies"" . In bovenbouwlesgroepen kan er niet goed met vaste plattegronden worden gewerkt, dat wisselt in elk geval per per groep.Ad 21: leerlingen hebebn behoefte aan tussendoor bewegen. En docenten hebben een active board, laptop etc. We hebben een verkort lesrooster met het oog op ieders belastbaarheid. van 40 min lessen gaat relatief veel tijd (ca 25%!) verloren als de docent alles opnieuw moet opstarten na een lokaalwissel. ";Ja, in alle gangen/gedeelde ruimtes;Ja;Nee;0;0;0;1;Nee;0;1;0;;40;0;1;0;1;0;0;0;0;Voornamelijk in tweetallen;Ja, per vak zelfde klassering;De leerlingen wisselen van klaslokalen tussen de lessen, docenten blijven (zoveel mogelijk) in hetzelfde lokaal;1;1;0
C53FEDD0-F470-4439-B9DF-8E771AAA191B;42;14-4-2021 9:28;14-4-2021 9:28;100;19-5-2021 16:35;No parent;S2 Vragenlijst na testronde - St Gregorius College - testrondes 8-12 april (index 2);9891FE8D-6B3C-4BC4-BDFB-54AC122CDDE8;132;Leerling;1;0;Nee;nee;Beide;Ja;zie index 1 van 26-29 maart. En omdat er geen van de leerlingen bereid was zich te laten testen (!) is zelfs de rector nog in de klas geweest om op het belang van sneltesten te wijzen. Zonder resultaat helaas. Ook een paar leerlingen die wel een toestemmingsverklaring hadden getekend wilden niet testen. Ook dat kan groepsdruk zijn...er is in sommige klassen met vooral veel leerlingen met een niet-westerse migratieachtergrond heel veel wantrouwen naar instituties en ook mbt de aanpak van Covid-19. ;25;Het zou handig zijn als er terugkoppeling is over tenminste aantallen geteste docenten en leerlingen na elke testronde. ;Deels;"Het protocol is niet te handhaven mbt afstand houden in vrije ruimtes, leerlingen doen dat simpelweg niet. Gebruik van mondkapjes gaat redelijk. Schoonmaken van lokalen en materialen bij elke les wordt niet gedaan. Er staan wel overal schoonmaakdoekjes en schoonmaakmiddelen, desinfectiezuilen etc. Zie vragen hieronder...het is allemaal goed ingericht , al sinds juni (!) maar de praktijk is weerbarstig. ad 12: vaste looproutes en eenrichtingsverkeer ja. Maar passeren op 1,5 m afstand is op veel plekken ook niet eens mogelijk. ad 14: dat is niet mogelijkad 15: via posters wordt er opgeroepen en de desinfectiezuilen staan strategisch. Maar er is geen personeel om actief toezicht te houden, te vragen om te desinfecteren. Het gaat eigenlijk net zoals bij winkels. Ad 18: de opties die we niet hebben gebruikt zijn niet mogelijk, geen eigen buitenterrein- wijziging van start- en eindtijden roostertechnisch niet mogelijk. Het sociale aspect speelt ook een rol, veel leerlingen voelen zich slecht en staan er qua resultaten ook slecht voor.  Personeel en leerlingen lopen veelal op hun tandvlees. Fysiek onderwijs, relatie, echt in contact zijn is hard nodig.Ad 20: in onderbouwklassen zijn er (in principe) vaste plattegronden met "" buddies"" . In bovenbouwlesgroepen kan er niet goed met vaste plattegronden worden gewerkt, dat wisselt in elk geval per per groep.Ad 21: leerlingen hebebn behoefte aan tussendoor bewegen. En docenten hebben een active board, laptop etc. We hebben een verkort lesrooster met het oog op ieders belastbaarheid. van 40 min lessen gaat relatief veel tijd (ca 25%!) verloren als de docent alles opnieuw moet opstarten na een lokaalwissel. ";Ja, in alle gangen/gedeelde ruimtes;Ja;Nee;0;0;0;1;Nee;0;1;0;;40;0;1;0;1;0;0;0;1;Voornamelijk in tweetallen;Ja, per vak zelfde klassering;De leerlingen wisselen van klaslokalen tussen de lessen, docenten blijven (zoveel mogelijk) in hetzelfde lokaal;1;1;0
07706BDE-EDA5-46AC-8208-8B1210341B5D;40;21-3-2021 21:08;25-3-2021 4:05;100;19-5-2021 16:27;No parent;S2 Vragenlijst na testronde - Oosterlicht Vianen - testrondes  22-25 maart;8FA2E2D8-4F06-45F6-B1C7-699FC653F3F9;65;Leerling;1;30;Nee;geen;;Nee;;72;EO3a 72 uurHV2a 3 uur;Ja;;Nee;Deels;Nee;1;0;0;0;Nee;1;1;0;50;60;0;0;1;0;0;0;0;0;Voornamelijk in tweetallen;Ja, per vak zelfde klassering;De leerlingen wisselen van klaslokalen tussen de lessen, docenten blijven (zoveel mogelijk) in hetzelfde lokaal;1;1;0
157F6E7A-14D4-43DA-BCC8-415E1C2FFE19;39;15-3-2021 20:30;15-3-2021 20:30;100;19-5-2021 16:12;No parent;S2 Vragenlijst na testronde - Oosterlicht Nieuwegein - testrondes  15-19 maart;1687B96D-0DAA-47C2-9AEC-A2EE098E3359;34;Leerling;1;25;Nee;nee;;Ja;ouders nagebeld die nog geen antwoord hadden gegeven op de testvraag;;;Ja;;Nee;Ja;Nee;1;1;0;0;Ja;1;1;0;50;60;0;1;1;0;0;0;0;0;Voornamelijk losse zitplaatsen;Ja, alle vakken zelfde klassering;De leerlingen wisselen van klaslokalen tussen de lessen, docenten blijven (zoveel mogelijk) in hetzelfde lokaal;1;1;0
1D7FCD15-2B04-49CD-A6C3-2C4EEECB840C;15;5-3-2021 10:42;12-3-2021 12:54;100;19-5-2021 15:31;No parent;S2 Vragenlijst na testronde - Farelcollege - testrondes 2 en 5 maart;2A58C315-64F0-46CA-94E6-93B243F58F75;10;Leerling;1;0;Nee;;;Ja;afgelopen weken meer keren een reminder verstuurd om de toestemmingsverklaring in te vullen. Bij de uitnodiging voor de testafname gestimuleerd het formulier in te vullen.;;;Ja;;Nee;Ja;Nee;1;1;0;0;Nee;0;0;1;;;1;0;1;0;1;1;0;0;Voornamelijk in tweetallen;Ja, per vak zelfde klassering;De docenten wisselen van klaslokalen tussen de lessen, leerlingen blijven (zoveel mogelijk) in hetzelfde lokaal;1;1;0
22501960-C09F-44ED-9891-E973FD85FB94;39;25-3-2021 10:12;6-4-2021 13:03;100;19-5-2021 16:22;No parent;S2 Vragenlijst na testronde - Oosterlicht Nieuwegein - testrondes 23-26 maart (Index 2);22023BEE-32A0-4DCA-B27F-7A3F05BE3F2F;71;Leerling;5;14;Nee;nee;;Nee;;96;;Ja;;Nee;Ja;Nee;1;1;0;0;Ja;1;1;0;50;60;0;1;1;0;0;0;0;0;Voornamelijk losse zitplaatsen;Ja, alle vakken zelfde klassering;De leerlingen wisselen van klaslokalen tussen de lessen, docenten blijven (zoveel mogelijk) in hetzelfde lokaal;1;1;0
2A9A1D73-6AB8-4A14-B769-205B8E6CDA03;40;21-3-2021 21:08;22-3-2021 4:04;100;19-5-2021 16:27;No parent;S2 Vragenlijst na testronde - Oosterlicht Vianen - testrondes  19-22 maart;4DC83B2C-53BC-4866-829F-E8444763B393;52;Leerling;1;15;Nee;;;Nee;;72;melding kwam op vrijdag binnen en er is op maandag pas gestest.;Ja;;Nee;Deels;Nee;1;0;0;0;Nee;1;1;0;50;60;0;0;1;0;0;0;0;0;Voornamelijk in tweetallen;Ja, per vak zelfde klassering;De leerlingen wisselen van klaslokalen tussen de lessen, docenten blijven (zoveel mogelijk) in hetzelfde lokaal;1;1;0
30071C5A-EE05-4D68-93BD-BD851C1E0238;40;15-3-2021 20:35;16-3-2021 4:04;100;19-5-2021 16:26;No parent;S2 Vragenlijst na testronde - Oosterlicht Vianen - testrondes  16-18 maart;5F5ACD88-BABF-44BD-A0F6-8EB7FBCF8045;37;Leerling;2;0;Nee;geen;;Ja;4 ouders nog gebeld en gevraagd om de toestemming nog in magister te doen. Dat hebben nog 3 ouders gedaan. ;;;Ja;;Nee;Ja;Nee;1;0;0;0;Nee;1;1;0;50;40;0;0;1;0;0;0;0;0;Voornamelijk in tweetallen;Ja, alle vakken zelfde klassering;De leerlingen wisselen van klaslokalen tussen de lessen, docenten blijven (zoveel mogelijk) in hetzelfde lokaal;1;1;0
36883C6F-B931-4ED2-B3AD-992399C199AB;37;24-3-2021 18:46;24-3-2021 18:46;100;19-5-2021 15:42;No parent;S2 Vragenlijst na testronde - Gerrit Rietveld College - testrondes 24-29 maart;8E240753-BCBE-4870-BD1B-B1432BA69E8B;77;Leerling;3;0;Nee;Nee;;Ja;Mentor en schoolleider belang aangegeven. ;;;Ja;;Nee;Ja;Nee;1;0;0;0;Ja;1;1;0;50;40;1;1;1;0;0;0;0;0;Voornamelijk in tweetallen;Nee;De leerlingen wisselen van klaslokalen tussen de lessen, docenten blijven (zoveel mogelijk) in hetzelfde lokaal;1;1;0
3D689A46-D884-40ED-A5EB-7684373D3871;45;25-3-2021 10:32;25-3-2021 10:32;100;19-5-2021 15:10;No parent;S2 Vragenlijst na testronde - Cals Nieuwegein - testrondes 24 en 29 maart;C3A231E2-2D16-4F6F-9324-0D985BBCA7B7;76;Leerling;2;0;Nee;;;Ja;Mail naar ouders;40;;Ja;;Nee;Ja;Nee;1;1;0;0;Ja;0;1;0;;75;0;0;1;1;1;1;1;0;Voornamelijk in tweetallen;Ja, alle vakken zelfde klassering;De docenten wisselen van klaslokalen tussen de lessen, leerlingen blijven (zoveel mogelijk) in hetzelfde lokaal;1;1;0
434E500A-5000-453A-BAEF-A638B61B9E3C;39;6-4-2021 13:03;6-4-2021 13:03;100;11-5-2021 15:00;No parent;S2 Vragenlijst na testronde - Oosterlicht Nieuwegein - testrondes 29-31 maart;009B915A-6AF3-4EEB-985D-172211FC6F04;;Medewerker (contact leerling);2;;Nee;nee;;Ja;ouders nagebeld die nog geen toestemming hadden gegeven;24;;Ja;;Nee;Ja;Nee;1;1;0;0;Ja;1;1;0;50;60;0;1;1;0;0;0;0;0;Voornamelijk losse zitplaatsen;Ja, alle vakken zelfde klassering;De leerlingen wisselen van klaslokalen tussen de lessen, docenten blijven (zoveel mogelijk) in hetzelfde lokaal;1;1;0
62DFBE07-457C-4D0D-A4D1-75B83BE433D6;7;17-3-2021 12:43;17-3-2021 12:43;100;19-5-2021 16:10;No parent;S2 Vragenlijst na testronde - Mheenpark Apeldoorn -  testrondes 15 en 18 maart;BE5B425B-62EE-4CE0-81FC-0A20EC9FFF83;32;Leerling;3;50;Nee;nee;;Ja;leerling benaderen;;;Ja;;Nee;Ja;;1;1;0;0;Ja;1;1;0;50;50;1;0;0;0;1;0;0;0;Voornamelijk losse zitplaatsen;Ja, per vak zelfde klassering;De leerlingen wisselen van klaslokalen tussen de lessen, docenten blijven (zoveel mogelijk) in hetzelfde lokaal;0;0;0
6E4ADCDC-387B-42AE-8532-835B82A53ED5;5;21-3-2021 19:55;23-3-2021 4:06;100;19-5-2021 15:51;No parent;S2 Vragenlijst na testronde - Heemgaard - testrondes 18-23 maart;B2C5E043-A198-45CB-BA76-675097C218F0;49;Medewerker (contact leerling);2;;Nee;;;Ja;we hebben een aantal toestemmingen extra ontvangen;2;;Ja;;Nee;Ja;;1;0;0;0;Nee;1;1;0;50;50;0;0;1;0;0;0;0;1;Voornamelijk losse zitplaatsen;Nee;De leerlingen wisselen van klaslokalen tussen de lessen, docenten blijven (zoveel mogelijk) in hetzelfde lokaal;1;1;0
7DCACA8F-A922-42E0-ACB3-8782E03D7CB3;39;25-3-2021 10:11;6-4-2021 13:03;100;19-5-2021 16:19;No parent;S2 Vragenlijst na testronde - Oosterlicht Nieuwegein - testrondes 22-26 maart;3072C580-3A92-4341-A946-EAFDE1FF6DD4;62;Leerling;1;0;Nee;;;Ja;ouders die nog niets hadden ingevuld nagebeld;48;;Ja;;Nee;Ja;Nee;1;1;0;0;Ja;1;1;0;50;60;0;1;1;0;0;0;0;0;Voornamelijk losse zitplaatsen;Ja, alle vakken zelfde klassering;De leerlingen wisselen van klaslokalen tussen de lessen, docenten blijven (zoveel mogelijk) in hetzelfde lokaal;1;1;0
8DF73A48-7491-4218-B43A-010924D138F3;39;21-3-2021 19:58;23-3-2021 4:06;100;19-5-2021 16:21;No parent;S2 Vragenlijst na testronde - Oosterlicht Nieuwegein - testrondes  19-23 maart;E23AB44E-7548-4333-B46E-7AB2264F61D8;47;Leerling;2;17;Nee;nee;;Ja;ouders die nog geen toestemming hadden gegeven nagebeld;72;besmetting vanuit thuissituatie;Ja;;Nee;Ja;Nee;1;1;0;0;Ja;1;1;0;50;60;0;1;1;0;0;0;0;0;Voornamelijk losse zitplaatsen;Ja, alle vakken zelfde klassering;De leerlingen wisselen van klaslokalen tussen de lessen, docenten blijven (zoveel mogelijk) in hetzelfde lokaal;1;1;0
9413301D-3B07-4C84-B203-555617AFFAC3;39;17-3-2021 12:30;17-3-2021 12:30;100;19-5-2021 16:13;No parent;S2 Vragenlijst na testronde - Oosterlicht Nieuwegein - testrondes  17-22 maart;2A7D296A-0737-4E65-954B-FA69ACDC6242;40;Leerling;1;25;Nee;nee;;Ja;ouders die nog geen toestemming hadden gegeven nagebeld;72;;Ja;;Nee;Ja;Nee;1;1;0;0;Ja;1;1;0;50;60;0;1;1;0;0;0;0;0;Voornamelijk losse zitplaatsen;Ja, alle vakken zelfde klassering;De leerlingen wisselen van klaslokalen tussen de lessen, docenten blijven (zoveel mogelijk) in hetzelfde lokaal;1;1;0
A6F03574-D842-42C7-9469-4117558EEAD2;39;25-3-2021 10:11;25-3-2021 10:11;100;19-5-2021 16:12;No parent;S2 Vragenlijst na testronde - Oosterlicht Nieuwegein - testrondes 23-26 maart (Index 1);AFB9F5F2-C296-45E8-97B5-C9CA2130A7E7;69;Leerling;5;0;Ja;nee;;Nee;;72;hele jaarlaag getest ivm toetsen in gymzaal;Ja;;Nee;Ja;Nee;1;1;0;0;Ja;1;1;0;50;60;0;1;1;0;0;0;0;0;Voornamelijk losse zitplaatsen;Ja, alle vakken zelfde klassering;De leerlingen wisselen van klaslokalen tussen de lessen, docenten blijven (zoveel mogelijk) in hetzelfde lokaal;1;1;0
B3F527E9-CD55-4F54-AA99-2235C5A43FA3;39;25-3-2021 10:13;25-3-2021 10:25;100;30-3-2021 10:31;No parent;S2 Vragenlijst na testronde - Oosterlicht Nieuwegein - testrondes 25-31 maart;7E0BFE17-4FFE-4F65-991E-9FD4864E4731;;Leerling;1;0;Nee;nee;;Ja;ouders die nog geen toestemming hadden gegeven nagebeld;48;bijzondere casus- besmetting vanuit huis meegenomen, aanvankelijk negatief getest, na overleg GGD toch sneltestprocedure opgestart;Ja;;Nee;Ja;Nee;1;1;0;0;Ja;1;1;0;50;60;0;1;1;0;0;0;0;0;Voornamelijk losse zitplaatsen;Ja, alle vakken zelfde klassering;De leerlingen wisselen van klaslokalen tussen de lessen, docenten blijven (zoveel mogelijk) in hetzelfde lokaal;1;1;0
CB88AB91-EF3C-4428-B5F2-626E456ED96C;17;12-3-2021 12:54;15-3-2021 13:23;100;19-5-2021 16:07;No parent;S2 Vragenlijst na testronde - Melanchthon Schiebroek- testrondes 11 en 15 maart;BB92D6C4-D689-4BFB-9948-4D4CD2A14973;26;Medewerker (zonder leerling contact);1;;Ja;Nee;;Ja;Betreffende medewerker benaderd- deze heeft alsnog toestemming verleend.;;;Ja;;Nee;Ja;Ja;1;1;0;0;Nee;1;1;0;50;80;0;0;0;1;0;0;0;0;Voornamelijk losse zitplaatsen;Nee;De leerlingen wisselen van klaslokalen tussen de lessen, docenten blijven (zoveel mogelijk) in hetzelfde lokaal;1;1;0
CE74F742-CA42-4B90-8AA2-FB9C1678180B;39;6-4-2021 13:03;6-4-2021 13:03;100;19-5-2021 16:23;No parent;S2 Vragenlijst na testronde - Oosterlicht Nieuwegein - testrondes 30 maart en 1 april;555CC446-1265-418A-AE35-683C7DA63C35;95;Medewerker (contact leerling);2;;Nee;nee;;Ja;ouders nagebeld die nog geen reactie hadden gegeven;48;;Ja;;Nee;Ja;Nee;1;1;0;0;Ja;1;1;0;50;60;0;1;1;0;0;0;0;0;Voornamelijk losse zitplaatsen;Ja, alle vakken zelfde klassering;De leerlingen wisselen van klaslokalen tussen de lessen, docenten blijven (zoveel mogelijk) in hetzelfde lokaal;1;1;0
CFEC6900-E376-4688-AA37-34454CC948C3;40;14-4-2021 16:47;18-4-2021 10:24;100;19-5-2021 16:28;No parent;S2 Vragenlijst na testronde - Oosterlicht Vianen - testrondes  13-16 april;0D7150A7-BC1F-4A20-A3C6-0D06738C15C9;157;Leerling;4;0;Nee;geen;Digitaal;Nee;;24;;Ja;;Nee;Ja;Nee;1;1;0;0;Nee;1;1;0;50;40;0;0;1;0;0;0;0;0;Voornamelijk in tweetallen;Ja, per vak zelfde klassering;De leerlingen wisselen van klaslokalen tussen de lessen, docenten blijven (zoveel mogelijk) in hetzelfde lokaal;1;1;0
DA353122-53E0-4286-B065-5DA5246E83F6;30;24-3-2021 16:51;24-3-2021 16:51;100;19-5-2021 16:30;No parent;S2 Vragenlijst na testronde - ProNova College - testrondes 22-25 maart;ADF2DC7F-E03E-4F30-8DF5-E65FC8E86FCC;61;Leerling;1;50;Nee;;;Nee;;24;;Ja;;Nee;Ja;Nee;1;1;0;0;Ja;1;0;0;50;;0;0;0;0;1;1;0;0;Voornamelijk losse zitplaatsen;Ja, per vak zelfde klassering;De leerlingen wisselen van klaslokalen tussen de lessen, docenten blijven (zoveel mogelijk) in hetzelfde lokaal;1;1;0
DAA04158-B222-4530-90CC-1DA728098793;37;24-3-2021 18:46;24-3-2021 18:46;100;19-5-2021 15:37;No parent;S2 Vragenlijst na testronde - Gerrit Rietveld College - testrondes 23-26 maart;21F38DFE-6560-4EFF-980D-4966AD19F57D;67;Leerling;1;0;Nee;Geen;;Ja;Reminder in update naar ouders;48;;Ja;;Nee;Ja;Nee;1;0;0;0;Ja;1;1;0;50;40;1;1;1;0;0;0;0;0;Voornamelijk losse zitplaatsen;Nee;De leerlingen wisselen van klaslokalen tussen de lessen, docenten blijven (zoveel mogelijk) in hetzelfde lokaal;1;1;0
DE6DB6E5-76C5-4975-B6C7-A2EA209FF53B;40;14-4-2021 16:47;18-4-2021 10:24;100;19-5-2021 16:28;No parent;S2 Vragenlijst na testronde - Oosterlicht Vianen - testrondes  15-21 april;5FA8F773-619E-454A-8F34-520CB9B81DBC;159;Leerling;4;0;Nee;geen;Digitaal;Nee;;24;;Ja;;Nee;Ja;Nee;1;1;0;0;Nee;1;1;0;50;40;0;0;1;0;0;0;0;0;Voornamelijk in tweetallen;Ja, per vak zelfde klassering;De leerlingen wisselen van klaslokalen tussen de lessen, docenten blijven (zoveel mogelijk) in hetzelfde lokaal;1;1;0
062FAD3C-4D79-472C-B336-DED2444F36D8;37;16-4-2021 15:01;18-4-2021 10:24;100;19-5-2021 15:42;No parent;S2 Vragenlijst na testronde - Gerrit Rietveld College - testrondes 19-22 april;1092726F-30EF-44C1-8219-A99ACA09B8FC;150;Leerling;2;33;Nee;;Digitaal;Ja;Sommigen hadden nog geen keuze doorgegeven. Er is telefonisch contact opgenomen en aangegeven waar en hoe dit gedaan kan worden. Resultaat hiervan was dat het aantal toestemmingen soms toenam. ;48;;Ja;;Ja, in een deel van de gangen/gedeelde ruimtes;Ja;Deels;1;1;1;0;Ja;1;1;0;50;50;0;0;1;0;0;0;0;1;Voornamelijk in tweetallen;Nee;De leerlingen wisselen van klaslokalen tussen de lessen, docenten blijven (zoveel mogelijk) in hetzelfde lokaal;1;1;0
0AD6BA33-513D-41E7-A69B-8E52D5FCBEEA;37;14-4-2021 10:55;18-4-2021 10:24;100;19-5-2021 15:37;No parent;S2 Vragenlijst na testronde - Gerrit Rietveld College - testrondes 12-16 april;2EC4FA20-A932-4EFA-AAE9-733E4862552C;148;Leerling;2;17;Nee;;Digitaal;Ja;Sommigen hadden nog geen keuze doorgegeven. Er is telefonisch contact opgenomen en aangegeven waar en hoe dit gedaan kan worden. Resultaat hiervan was dat het aantal toestemmingen soms toenam.;48;;Ja;;Ja, in een deel van de gangen/gedeelde ruimtes;Ja;Deels;1;1;1;0;Ja;1;1;0;50;50;0;0;1;0;0;0;0;1;Voornamelijk in tweetallen;Nee;De leerlingen wisselen van klaslokalen tussen de lessen, docenten blijven (zoveel mogelijk) in hetzelfde lokaal;1;1;0
1A1DEE55-ACFA-43C6-AA6F-FB70301B2DF6;19;6-4-2021 13:22;6-4-2021 13:22;100;19-5-2021 16:31;No parent;S2 Vragenlijst na testronde - Seyster College - testrondes 2 en 6 april;3F89832C-8474-4D27-8AC2-617B51F592B5;113;Leerling;2;50;Nee;Leerlingen zaten in een grote zaal op 1,5 meter;;Ja;Alle leerlingen uit de doelgroep benaderd via telefoon mail en soc. media.hierdoor zijn een klein aantal extra toestemmingen verkregen;22;;Ja;;Ja, in een deel van de gangen/gedeelde ruimtes;Ja;Nee;1;1;1;0;Ja;1;1;0;50;50;0;0;1;0;0;0;0;0;Voornamelijk losse zitplaatsen;Ja, per vak zelfde klassering;De docenten wisselen van klaslokalen tussen de lessen, leerlingen blijven (zoveel mogelijk) in hetzelfde lokaal;1;1;0
1CBE6ABE-F13E-496A-9EA0-E5E67C4190C6;45;17-3-2021 12:40;17-3-2021 12:40;100;19-5-2021 15:06;No parent;S2 Vragenlijst na testronde - Cals Nieuwegein - testrondes 17 en 22 maart;1F4CBE94-3899-4501-9945-66AC7528A133;41;Leerling;2;0;Ja;;;Ja;We hebben de groep nogmaals gemaild over de toestemming.;20;De tweede test stond niet bij iedereen open voor aanmelding, daardoor hebben sommigen deze gemist.;Ja;;Ja, in een deel van de gangen/gedeelde ruimtes;Ja;Nee;1;0;0;0;Ja;1;1;0;50;70;0;0;1;1;1;1;1;0;Voornamelijk losse zitplaatsen;Nee;De docenten wisselen van klaslokalen tussen de lessen, leerlingen blijven (zoveel mogelijk) in hetzelfde lokaal;1;1;0
679A97A7-E066-4D0F-942A-6D5C0E8C5A81;21;4-3-2021 9:46;4-3-2021 9:51;100;19-5-2021 15:21;No parent;S2 Vragenlijst na testronde - De Toekomst - testrondes 2-5 februari;600E4967-72BD-461C-AD6B-74CA361D7209;3;Leerling;3;50;Nee;nee;;Ja;2 gaven eerder geen toestemming. 1 heeft uiteindelijk toch ingestemd na overleg. Deze ouder wilde het eerst nog met de leerling overleggen tot op het iemand dat er een sneltestprocedure in gang werd gezet.;;;Ja;;Ja, in een deel van de gangen/gedeelde ruimtes;Ja;Nee;1;1;0;0;Ja;0;0;1;;;0;1;0;0;0;1;0;0;Voornamelijk losse zitplaatsen;Ja, alle vakken zelfde klassering;De leerlingen wisselen van klaslokalen tussen de lessen, docenten blijven (zoveel mogelijk) in hetzelfde lokaal;1;1;0
6ED27A87-EEE6-4FA7-96D6-41522D69FEA0;34;12-3-2021 12:51;15-3-2021 13:23;100;19-5-2021 14:54;No parent;S2 Vragenlijst na testronde - Amadeus Lyceum - testrondes 11-15 maart;D9289695-B192-4FC9-A811-F9C7F4E99439;15;Leerling;2;0;Nee;nvt;;Ja;Reminder gestuurd, aantal toestemming is op de dag zelf nog ingevuld;;;Ja;;Ja, in een deel van de gangen/gedeelde ruimtes;Ja;Nee;0;1;0;0;Ja;0;0;1;;;0;1;1;0;0;0;0;0;Voornamelijk losse zitplaatsen;Nee;Geen specifiek beleid voor het wisselen van de klaslokalen;1;1;0
7B21A01E-0715-4194-B8E6-89553F7A03A8;34;25-3-2021 10:40;25-3-2021 10:40;100;19-5-2021 14:57;No parent;S2 Vragenlijst na testronde - Amadeus Lyceum - testrondes 24-29 maart;EA1C8EED-33F0-4370-A9D9-F8AD5AD58957;80;Leerling;3;0;Ja;nvt;;Ja;Reminder;16;;Ja;;Ja, in een deel van de gangen/gedeelde ruimtes;Ja;Ja;0;1;0;0;Ja;0;0;1;;;0;1;1;0;0;0;0;0;Voornamelijk losse zitplaatsen;Nee;Geen specifiek beleid voor het wisselen van de klaslokalen;1;1;0
85AB0683-0FFB-47BF-A4E0-9E32485C316C;30;6-4-2021 13:13;6-4-2021 13:13;100;19-5-2021 16:30;No parent;S2 Vragenlijst na testronde - ProNova College - testrondes 2 en 6 april;C6B404EB-5C35-4E9C-AC29-9D0AA9454CF3;114;Medewerker (contact leerling);3;;Nee;;;Ja;Telefonisch en app contact met ouders;96;Donderdag 1 april getest. Vrijdag  de uitslag / dinsdag i.v.m. paasweekend getest.;;;Ja, in een deel van de gangen/gedeelde ruimtes;Ja;;0;1;0;0;Nee;1;0;0;50;;1;0;0;0;0;1;0;0;Voornamelijk losse zitplaatsen;Ja, per vak zelfde klassering;De leerlingen wisselen van klaslokalen tussen de lessen, docenten blijven (zoveel mogelijk) in hetzelfde lokaal;1;1;0
8AF67CAC-FF63-429B-93C5-527A0A45983B;37;14-4-2021 17:25;18-4-2021 10:24;100;16-5-2021 18:19;No parent;S2 Vragenlijst na testronde - Gerrit Rietveld College - testrondes 14-19 april;9775030A-143C-4240-BCAA-7DD2650B0ED6;;Leerling;1;0;Nee;;Digitaal;Ja;Sommigen hadden nog geen keuze doorgegeven. Er is telefonisch contact opgenomen en aangegeven waar en hoe dit gedaan kan worden. Resultaat hiervan was dat het aantal toestemmingen soms toenam. ;24;;Ja;;Ja, in een deel van de gangen/gedeelde ruimtes;Ja;Deels;1;1;1;0;Ja;1;1;0;50;50;0;0;1;0;0;0;0;1;Voornamelijk in tweetallen;Nee;De leerlingen wisselen van klaslokalen tussen de lessen, docenten blijven (zoveel mogelijk) in hetzelfde lokaal;1;1;0
960C6239-E6D9-4654-8210-AF848BF1E3BC;34;21-3-2021 19:45;22-3-2021 4:05;100;19-5-2021 14:55;No parent;S2 Vragenlijst na testronde - Amadeus Lyceum - testrondes 17-22 maart;0765DD8D-95C6-457D-956F-A16C03B9AC44;44;Leerling;2;0;Nee;nvt;;Ja;reminder verstuurd;20;;Ja;;Ja, in een deel van de gangen/gedeelde ruimtes;Ja;Nee;0;1;0;0;Ja;0;0;1;;;0;1;1;0;0;0;0;0;Voornamelijk in tweetallen;Nee;Geen specifiek beleid voor het wisselen van de klaslokalen;1;1;0
96BA2F57-69F3-4DF0-9A23-FCA7EAC28F5D;44;20-4-2021 14:14;23-4-2021 4:05;100;19-5-2021 15:03;No parent;S2 Vragenlijst na testronde - Cals IJsselstein - testronde 23 april;9EC8D3BD-38CF-497F-A6CB-F83B056CEDF2;168;Leerling;2;0;Nee;Nee.;Digitaal;Ja;We hebben in de brief naar de ouders nogmaals gevraagd om de toestemmingsmodule van magister in te vullen.;24;;Ja;;Ja, in een deel van de gangen/gedeelde ruimtes;Ja;Nee;1;1;0;0;Ja;1;1;0;50;50;0;1;0;0;0;0;0;0;Voornamelijk losse zitplaatsen;Nee;De leerlingen wisselen van klaslokalen tussen de lessen, docenten blijven (zoveel mogelijk) in hetzelfde lokaal;1;1;0
AD98B684-DF52-4FF0-91A1-44129382D07B;34;12-3-2021 12:52;15-3-2021 20:26;100;19-5-2021 14:55;No parent;S2 Vragenlijst na testronde - Amadeus Lyceum - testrondes 12-16 maart;E24FBE1B-A1AA-435B-BD8A-7FF6040D936B;16;Medewerker (contact leerling);3;;Nee;nvt;;Ja;reminder verstuurd;;;Ja;;Ja, in een deel van de gangen/gedeelde ruimtes;Ja;Nee;0;1;0;0;Ja;0;0;1;;;0;1;1;0;0;0;0;0;Voornamelijk losse zitplaatsen;Nee;Geen specifiek beleid voor het wisselen van de klaslokalen;1;1;0
AE429194-0FB9-4F18-AE77-484B1CE17C88;34;25-3-2021 10:40;25-3-2021 10:40;100;19-5-2021 14:56;No parent;S2 Vragenlijst na testronde - Amadeus Lyceum - testrondes 22-26 maart;00CDFB74-A1FD-4A13-A05C-BF956B115C89;64;Leerling;2;0;Nee;nvt;;Ja;Reminder verstuurd;6;;Ja;;Ja, in een deel van de gangen/gedeelde ruimtes;Ja;Nee;0;1;0;0;Ja;0;0;1;;;0;1;1;0;0;0;0;0;Voornamelijk losse zitplaatsen;Nee;Geen specifiek beleid voor het wisselen van de klaslokalen;1;1;0
B99B8058-D343-4EE9-89B7-DE49DA73EFDF;2;21-3-2021 21:18;23-3-2021 4:06;100;19-5-2021 15:19;No parent;S2 Vragenlijst na testronde - Cortenbosch - testrondes 19-23 maart;1DC61828-EE7C-422B-A13A-E2063C17BD52;54;Leerling;1;0;Nee;;;Nee;;;;Ja;;Ja, in een deel van de gangen/gedeelde ruimtes;Ja;Ja;1;1;0;0;Ja;1;0;0;50;;0;1;0;0;0;0;0;0;Voornamelijk losse zitplaatsen;Ja, per vak zelfde klassering;Geen specifiek beleid voor het wisselen van de klaslokalen;1;1;0
C7FFFC40-51BB-4856-958C-0A829FFB36F8;37;15-4-2021 15:43;18-4-2021 10:24;100;19-5-2021 15:41;No parent;S2 Vragenlijst na testronde - Gerrit Rietveld College - testrondes 16-19 april;660B52D2-0F09-4ED1-9B42-4469B43C0D45;170;Leerling;1;0;Nee;;Digitaal;Ja;Sommigen hadden nog geen keuze doorgegeven. Er is telefonisch contact opgenomen en aangegeven waar en hoe dit gedaan kan worden. Resultaat hiervan was dat het aantal toestemmingen soms toenam. ;24;;Ja;;Ja, in een deel van de gangen/gedeelde ruimtes;Ja;Deels;1;1;1;0;Ja;1;1;0;50;50;0;0;1;0;0;0;0;1;Voornamelijk in tweetallen;Nee;De leerlingen wisselen van klaslokalen tussen de lessen, docenten blijven (zoveel mogelijk) in hetzelfde lokaal;1;1;0
D11A11FA-D033-4A78-8296-683EEFC0859F;32;6-4-2021 11:45;6-4-2021 11:45;100;19-5-2021 15:35;No parent;S2 Vragenlijst na testronde - Gentiaan College - Testrondes 26&30 mrt;6F5526B3-0301-4E3E-97C6-45730DBB5ABE;87;Medewerker (contact leerling);1;;Nee;Nee ;;Ja;Amper ;48;;Ja;;Ja, in een deel van de gangen/gedeelde ruimtes;Ja;Ja;1;0;0;0;Ja;1;1;0;50;50;0;0;1;0;0;0;0;0;Voornamelijk losse zitplaatsen;Ja, per vak zelfde klassering;De leerlingen wisselen van klaslokalen tussen de lessen, docenten blijven (zoveel mogelijk) in hetzelfde lokaal;1;1;0
D77F186A-FFF1-465A-B6AA-4A265608CBEE;44;6-4-2021 12:56;6-4-2021 12:56;100;19-5-2021 15:03;No parent;S2 Vragenlijst na testronde - Cals IJsselstein - testrondes 31 maart en 6 april;0FB32C20-A45C-436E-8161-E501B8569E9C;105;Leerling;3;50;Nee;nee.;;Ja;We hebben in de brief nogmaals gevraagd om de toestemmingsmodule in magister in te vullen. Daardoor hebben 7 ouders alsnog de module ingevuld.;20;;Ja;;Ja, in een deel van de gangen/gedeelde ruimtes;Ja;Nee;1;1;0;0;Ja;1;1;0;50;50;1;1;0;0;0;0;0;0;Voornamelijk losse zitplaatsen;Nee;De leerlingen wisselen van klaslokalen tussen de lessen, docenten blijven (zoveel mogelijk) in hetzelfde lokaal;1;1;0
E2C7456A-5363-49B5-AF0E-6500E80B87AB;1;21-3-2021 21:45;25-3-2021 4:05;100;19-5-2021 15:15;No parent;S2 Vragenlijst na testronde - Christelijk Lyceum - testrondes 22-25 maart;4BB48030-4443-487D-B9D6-424E10CDD90F;60;Leerling;2;0;Nee;nee;;Ja;reminders sturen en concrete benadering.;3;;;;Ja, in een deel van de gangen/gedeelde ruimtes;Ja;Nee;1;1;0;0;Nee;1;1;0;33;33;0;0;0;1;1;1;0;0;Voornamelijk losse zitplaatsen;Ja, per vak zelfde klassering;Geen specifiek beleid voor het wisselen van de klaslokalen;1;1;0
E8CF1A59-5147-49EE-A0B7-23AAB7801BE3;45;25-3-2021 10:32;25-3-2021 10:32;100;19-5-2021 15:09;No parent;S2 Vragenlijst na testronde - Cals Nieuwegein - testrondes 23 en 26 maart;DCA7250E-E47B-4A6F-AB79-8FF29E2D9ACD;75;Leerling;1;0;Nee;;;Ja;Ouders en leerlingen gemaild;44;De tweede testronde stond niet meteen open, zodoende moesten alle ouders en leerligen weer gemaild worden.;Ja;;Ja, in een deel van de gangen/gedeelde ruimtes;Ja;Nee;1;1;0;0;Ja;1;1;0;50;25;0;0;0;1;1;1;1;0;Voornamelijk losse zitplaatsen;Nee;De docenten wisselen van klaslokalen tussen de lessen, leerlingen blijven (zoveel mogelijk) in hetzelfde lokaal;1;1;0
05BA229F-59E6-4428-9D0C-A93CD37C1D42;28;24-3-2021 18:54;24-3-2021 18:54;100;19-5-2021 15:45;No parent;S2 Vragenlijst na testronde - Globe College - testrondes 23-26 maart;C5073B27-DF94-47D4-92D3-5377D607202A;72;Leerling;2;0;Nee;Nee;;Nee;;20;;Ja;;Ja, in alle gangen/gedeelde ruimtes;Ja;Ja;0;1;0;0;Ja;1;0;0;50;;1;1;0;0;1;1;1;0;Voornamelijk losse zitplaatsen;Ja, per vak zelfde klassering;De docenten wisselen van klaslokalen tussen de lessen, leerlingen blijven (zoveel mogelijk) in hetzelfde lokaal;1;1;0
0716A42D-A832-497B-BACB-479008E32DE9;15;17-3-2021 12:27;17-3-2021 12:27;100;19-5-2021 15:31;No parent;S2 Vragenlijst na testronde - Farelcollege - testrondes 16 en 19 maart;5FBB26C5-3DA6-4912-BD3A-9F89DFE661B7;39;Leerling;1;;Nee;nee;;Ja;Opnieuw de mogelijkheid geboden om ter plekke in te vullen. Ouders zijn naar school gekomen om alsnog toestemming te verlenen. ;;;Ja;;Ja, in alle gangen/gedeelde ruimtes;Ja;Nee;1;1;0;0;Ja;1;1;0;50;75;1;1;0;0;1;0;1;0;Voornamelijk in tweetallen;Ja, per vak zelfde klassering;De docenten wisselen van klaslokalen tussen de lessen, leerlingen blijven (zoveel mogelijk) in hetzelfde lokaal;1;1;0
0DD75328-6EC2-4489-9494-0CF31C197D2D;9;21-3-2021 21:40;25-3-2021 4:05;100;19-5-2021 16:46;No parent;S2 Vragenlijst na testronde - VLC Mijdrecht - testrondes 22 en 25 maart;B6A34D7F-DF12-40D6-A456-BD5F5330F608;59;Leerling;1;0;Nee;;;Nee;;24;;Ja;;Ja, in alle gangen/gedeelde ruimtes;Ja;Nee;1;1;0;0;Ja;1;0;0;50;;0;0;0;0;0;0;0;1;Voornamelijk losse zitplaatsen;Ja, per vak zelfde klassering;De docenten wisselen van klaslokalen tussen de lessen, leerlingen blijven (zoveel mogelijk) in hetzelfde lokaal;0;0;0
1BFFBCA9-D17D-4466-ACA4-27AF28D5F601;9;25-3-2021 10:56;25-3-2021 10:56;100;19-5-2021 16:44;No parent;S2 Vragenlijst na testronde - VLC Mijdrecht - testrondes 23 en 25 maart;0CB9BA39-2821-4952-94EB-37D1856840AF;68;Leerling;1;0;Nee;;;Ja;ouders bellen;48;;Ja;;Ja, in alle gangen/gedeelde ruimtes;Ja;Nee;1;1;0;0;Ja;1;0;0;50;;0;0;0;0;0;0;0;1;Voornamelijk losse zitplaatsen;Ja, per vak zelfde klassering;De docenten wisselen van klaslokalen tussen de lessen, leerlingen blijven (zoveel mogelijk) in hetzelfde lokaal;1;1;0
2130FCC4-2213-41FD-86A7-B991C4227DF0;9;14-4-2021 11:07;16-4-2021 13:45;100;19-5-2021 16:42;No parent;S2 Vragenlijst na testronde - VLC Mijdrecht - testrondes 12 en 14 april (index 1);32156230-5EB4-4970-B30D-019CF9F23A0B;141;Medewerker (contact leerling);3;;Nee;;Beide;;;48;;Ja;;Ja, in alle gangen/gedeelde ruimtes;Ja;Nee;1;1;0;0;Ja;1;0;0;50;;0;0;0;0;0;0;0;1;Voornamelijk losse zitplaatsen;Ja, per vak zelfde klassering;De docenten wisselen van klaslokalen tussen de lessen, leerlingen blijven (zoveel mogelijk) in hetzelfde lokaal;1;1;0
271D8D4A-C0DE-4C9D-95CA-608D5B8E47F0;10;9-3-2021 9:54;11-3-2021 4:04;100;19-5-2021 16:47;No parent;S2 Vragenlijst na testronde - VLC Vinkeveen - testrondes 8-11 maart;D0F26145-C2C9-4779-A00C-29C016B8E01E;30;Medewerker (contact leerling);1;;Nee;;;Ja;contact opgenomen met ouders in het weekend. Daardoor kon iedereen getest worden;;;Ja;;Ja, in alle gangen/gedeelde ruimtes;Ja;Nee;1;1;0;0;Ja;1;0;0;50;;0;0;0;0;0;0;0;1;;;;0;0;0
2EA10F11-4123-45FD-8D14-D36A26D2D563;10;14-4-2021 11:08;16-4-2021 13:45;100;19-5-2021 16:48;No parent;S2 Vragenlijst na testronde - VLC Vinkeveen - testrondes 12-14 april;80E07D39-05DB-44AA-A010-900AE36A0C2F;140;Medewerker (contact leerling);3;;Nee;;Beide;Nee;;48;;Ja;;Ja, in alle gangen/gedeelde ruimtes;Ja;Deels;1;1;0;0;Ja;1;0;0;;;0;0;0;0;0;0;0;1;Voornamelijk losse zitplaatsen;Ja, per vak zelfde klassering;De docenten wisselen van klaslokalen tussen de lessen, leerlingen blijven (zoveel mogelijk) in hetzelfde lokaal;1;1;0
31FEF7A2-390B-4C6B-8407-7F51418326B2;9;25-3-2021 10:55;25-3-2021 10:55;100;19-5-2021 16:46;No parent;S2 Vragenlijst na testronde - VLC Mijdrecht - testrondes 22 en 24 maart;455C8681-56BF-4E05-8CFF-B55FE1AD6F32;63;Leerling;1;0;Ja;;;Ja;leerlingen gebeld;48;;;;Ja, in alle gangen/gedeelde ruimtes;Ja;Nee;1;1;0;0;Ja;1;0;0;50;;0;0;0;0;0;0;0;1;Voornamelijk losse zitplaatsen;Ja, per vak zelfde klassering;De docenten wisselen van klaslokalen tussen de lessen, leerlingen blijven (zoveel mogelijk) in hetzelfde lokaal;0;0;0
33317E36-F4BF-4A49-8310-7CB53B46D58A;10;21-3-2021 21:22;23-3-2021 4:06;100;19-5-2021 16:48;No parent;S2 Vragenlijst na testronde - VLC Vinkeveen - testrondes 19-23 maart;2D578034-6762-431E-88C2-D04BE9E11482;55;Leerling;2;0;Ja;;;Ja;bellen met ouders;;;Ja;;Ja, in alle gangen/gedeelde ruimtes;Ja;Deels;1;1;0;0;Ja;1;0;0;;;0;0;0;0;0;0;0;1;Voornamelijk losse zitplaatsen;Ja, per vak zelfde klassering;De docenten wisselen van klaslokalen tussen de lessen, leerlingen blijven (zoveel mogelijk) in hetzelfde lokaal;1;1;0
38DCB2C8-580F-4B0A-93E6-6D470DDCCD79;10;25-3-2021 10:52;25-3-2021 10:52;100;19-5-2021 16:49;No parent;S2 Vragenlijst na testronde - VLC Vinkeveen - testrondes 24-26 maart;F7B3A22A-CFFD-4B08-95BE-8315E91F4696;78;Leerling;1;0;Ja;;;Ja;bellen;24;;Ja;;Ja, in alle gangen/gedeelde ruimtes;Ja;Nee;1;1;0;0;Ja;1;0;0;;;0;0;0;0;0;0;0;1;Voornamelijk losse zitplaatsen;Ja, per vak zelfde klassering;De docenten wisselen van klaslokalen tussen de lessen, leerlingen blijven (zoveel mogelijk) in hetzelfde lokaal;1;1;0
55F80739-E529-42DF-97BC-8330185937BA;25;24-3-2021 18:51;24-3-2021 18:51;100;19-5-2021 16:50;No parent;S2 Vragenlijst na testronde - Vester college - Testrondes 23-26 maart;558EE518-E406-4BF5-83CB-8956F6C6E4C0;70;Leerling;2;0;Nee;Geen bijzonderheden. leerlingen hebben een vaste plaats in de klas en ,mengen zich niet met andere klassen. Leerlingen wisselen niet van lokaal en hebben een vaste docent. leerlingen houden onderling afstand. ;;Nee;;24;het contact verliep zeer soepel, de testen konden snel gedaan worden. Team dat kwam testen was snel en vriendleijk. ;Ja;;Ja, in alle gangen/gedeelde ruimtes;Ja;Deels;0;1;0;0;Ja;1;0;0;50;;1;0;0;0;0;1;0;0;Voornamelijk losse zitplaatsen;Ja, alle vakken zelfde klassering;De docenten wisselen van klaslokalen tussen de lessen, leerlingen blijven (zoveel mogelijk) in hetzelfde lokaal;1;1;0
70DE594D-8B7B-43E5-B4EF-C0611C288489;36;14-4-2021 9:55;14-4-2021 9:55;100;19-5-2021 15:01;No parent;S2 Vragenlijst na testronde - Alfrink College - testrondes 1-6 april;1279C4E0-9259-4A69-BCD5-E40A7A37593F;109;Leerling;1;33;Ja;nee;Beide;Nee;;14;prima verlopen;Ja;;Ja, in alle gangen/gedeelde ruimtes;Ja;Nee;1;0;0;0;Nee;1;1;0;33;50;0;1;1;0;0;0;0;0;Voornamelijk losse zitplaatsen;Ja, per vak zelfde klassering;De docenten wisselen van klaslokalen tussen de lessen, leerlingen blijven (zoveel mogelijk) in hetzelfde lokaal;1;1;0
8230C4BB-F681-4B40-AA66-7BFC19673A55;12;21-3-2021 21:13;23-3-2021 4:06;100;19-5-2021 16:52;No parent;S2 Vragenlijst na testronde - Walterbosch Apeldoorn - testrondes 19-23 maart;DE4BA922-EAD2-4B9F-B6E1-D050046555ED;53;Leerling;1;0;Nee;;;Ja;veel onrust en enkele toestemmingen erbij;;Sinds de heropening van de scholen en de toename aan besmettingen, veel meer gedoe;Ja;;Ja, in alle gangen/gedeelde ruimtes;Ja;Nee;1;1;0;0;Ja;1;1;0;50;50;0;1;0;0;0;1;0;0;Voornamelijk losse zitplaatsen;Ja, per vak zelfde klassering;Geen specifiek beleid voor het wisselen van de klaslokalen;1;1;0
975F877A-EC3A-46F3-9BA1-193BEA2B4DA0;12;15-3-2021 20:41;16-3-2021 4:04;100;19-5-2021 16:52;No parent;S2 Vragenlijst na testronde - Walterbosch Apeldoorn - testrondes 16-18 maart;BF3C9EEE-F9A2-4CD6-A445-D719B175460B;36;Leerling;1;0;Nee;nee;;Ja;alleen onder collega's;;;Ja;;Ja, in alle gangen/gedeelde ruimtes;Ja;Ja;1;1;0;0;Ja;1;1;0;50;50;0;1;0;0;1;0;0;0;Voornamelijk losse zitplaatsen;Nee;Geen specifiek beleid voor het wisselen van de klaslokalen;1;1;0
AE0F694F-FB09-4170-867B-7D2FD6F0453E;1;4-3-2021 9:44;4-3-2021 9:51;100;19-5-2021 15:13;No parent;S2 Vragenlijst na testronde - Christelijk Lyceum - testrondes 1-5 februari;B02FEE3F-4A79-4D13-B58D-4CEB226677C3;2;Leerling;;0;Nee;Betreft lockdown periode waarin heldere voorschriften was van ministerie welke groep wel volledig naar school moesten en welke groepen helemaal niet. Dat betekent dat diverse vragen verwarrend zijn of niet relevant. Daarom niet alle vragen in kunnen vullen omdat die niet van toepassing waren tijdens die periode;;Ja;Kinderen die 16 jaar of ouder waren rechtstreeks benaderd. Leidt wel tot teveel onderwijsverstoringen en verwarring onder kinderen. .;;;;;Ja, in alle gangen/gedeelde ruimtes;Ja;Ja;1;1;0;0;Ja;0;0;0;;;0;0;0;0;0;0;0;0;Voornamelijk losse zitplaatsen;;;1;1;0
AEF1ACE9-215A-4DFA-9984-AB2CCFFED49C;28;17-3-2021 12:25;17-3-2021 12:25;100;19-5-2021 15:45;No parent;S2 Vragenlijst na testronde - Globe College - testrondes 16-18 maart;529BE977-F6B1-4CB1-A13E-F07E79D690DF;38;Leerling;2;0;Nee;Geen;;Ja;Leerlingen geen toestemmingen, personeel allemaal toiestemmin;;;Ja;;Ja, in alle gangen/gedeelde ruimtes;Ja;Ja;0;1;0;0;Ja;1;0;0;50;;1;0;0;0;1;1;0;0;Voornamelijk losse zitplaatsen;Ja, per vak zelfde klassering;De docenten wisselen van klaslokalen tussen de lessen, leerlingen blijven (zoveel mogelijk) in hetzelfde lokaal;1;1;0
AF551770-3185-40D2-8AD3-895F1C66802E;9;6-4-2021 12:09;6-4-2021 12:12;100;19-5-2021 16:43;No parent;S2 Vragenlijst na testronde - VLC Mijdrecht - testrondes 29 en 31 maart;6E48528F-B8FF-4531-A901-8F5809D216F6;94;Leerling;1;0;Nee;;;Nee;;1;;Ja;;Ja, in alle gangen/gedeelde ruimtes;Ja;Nee;1;1;0;0;Ja;1;0;0;50;;0;0;0;0;0;0;0;1;Voornamelijk losse zitplaatsen;Ja, per vak zelfde klassering;De docenten wisselen van klaslokalen tussen de lessen, leerlingen blijven (zoveel mogelijk) in hetzelfde lokaal;1;1;0
AFCEFF25-5325-4BB1-8137-87EB9194C69A;12;9-3-2021 9:56;11-3-2021 4:04;100;19-5-2021 16:52;No parent;S2 Vragenlijst na testronde - Walterbosch Apeldoorn - testrondes 8-11 maart;37487E20-C8D0-4765-AA79-3F821ACD84BF;31;Leerling;1;0;Nee;Eerste week van de heropening;;Nee;;;;Ja;;Ja, in alle gangen/gedeelde ruimtes;Ja;Ja;1;0;0;0;Ja;1;1;0;50;60;0;0;0;0;0;0;0;0;Voornamelijk losse zitplaatsen;Ja, per vak zelfde klassering;Geen specifiek beleid voor het wisselen van de klaslokalen;1;1;0
BD2D3B45-0A20-4DD1-9195-2309C77E1437;2;4-3-2021 9:45;4-3-2021 9:51;100;19-5-2021 15:19;No parent;S2 Vragenlijst na testronde - Cortenbosch - testrondes 1-5 februari;B2A70FDB-D726-4CC6-8F7B-E93C5A05F748;1;Leerling;1;;Nee;betreft de lockdown situatie. Dus de onderste vragen zijn onduidelijk. We werken overeenkomstig voorschriften ministerie. Dat betekent dat bepaalde groepen naar school moeten en de rest thuis. Dus vragen over deeltijd onderwijs zijn in de lockdown niet relevant en onlogisch;;Ja;klassen rondgelopen en persoonlijk benaderd alleen die leerlingen die 16 jaar en ouder waren. Het heeft geen zin om dit ook te doen voor leerlingen jonger dan 16 jaar omdat dan ook toestemming van de ouders nodig is en die zijn niet binnen 2 uur bereikbaar. Dat levert ook veel onrust en onduidelijkheid op bij ouders.;;;Ja;;Ja, in alle gangen/gedeelde ruimtes;Ja;Ja;1;1;0;0;Ja;0;0;0;;;0;0;0;0;0;0;0;0;Voornamelijk losse zitplaatsen;;;1;0;0
C7241EA5-ECC2-48B9-BBDF-6EACA35522AE;1;12-3-2021 12:49;12-3-2021 12:49;100;19-5-2021 15:16;No parent;S2 Vragenlijst na testronde - Christelijk Lyceum - testrondes 9-12 maart;DAF76095-4BEA-4289-B36D-C8AD7C188D5C;20;Leerling;1;0;Nee;;;Nee;;;;;;Ja, in alle gangen/gedeelde ruimtes;Ja;Ja;1;0;0;0;Ja;1;1;0;33;80;0;0;1;0;0;0;0;1;Voornamelijk losse zitplaatsen;Ja, per vak zelfde klassering;De leerlingen wisselen van klaslokalen tussen de lessen, docenten blijven (zoveel mogelijk) in hetzelfde lokaal;1;1;0
D4FD459C-D864-471D-89A6-DC236077F491;9;17-3-2021 13:02;17-3-2021 13:02;100;19-5-2021 16:42;No parent;S2 Vragenlijst na testronde - VLC Mijdrecht - testrondes 17 en 19 maart;BC9B62D3-C0D1-4A27-B6D2-6C186AC2BDE8;45;Leerling;1;0;Nee;nee;;Nee;;;;Ja;;Ja, in alle gangen/gedeelde ruimtes;Ja;Nee;1;1;0;0;Ja;1;0;0;50;;0;0;0;0;0;0;0;1;Voornamelijk losse zitplaatsen;Ja, per vak zelfde klassering;De docenten wisselen van klaslokalen tussen de lessen, leerlingen blijven (zoveel mogelijk) in hetzelfde lokaal;1;1;0
DC08E2B9-1220-4BA8-930F-7BFF52CF059C;9;14-4-2021 17:41;16-4-2021 13:45;100;19-5-2021 16:42;No parent;S2 Vragenlijst na testronde - VLC Mijdrecht - testrondes 12 en 14 april (index 2);B22BFBF4-60FA-4D09-8160-108C0F069B65;151;Medewerker (contact leerling);3;;Nee;;Beide;;;24;;Ja;;Ja, in alle gangen/gedeelde ruimtes;Ja;Nee;1;1;0;0;Ja;1;0;0;50;;0;0;0;0;0;0;0;1;Voornamelijk losse zitplaatsen;Ja, per vak zelfde klassering;De docenten wisselen van klaslokalen tussen de lessen, leerlingen blijven (zoveel mogelijk) in hetzelfde lokaal;1;1;0
E20074E9-12C2-4BDB-AB72-549EE0197455;3;12-3-2021 12:50;12-3-2021 12:50;100;19-5-2021 15:23;No parent;S2 Vragenlijst na testronde - Edison Apeldoorn - testrondes 9-12 maart;92D03609-7574-4A76-A097-1AE106A96DA1;166;Medewerker (contact leerling);2;;Nee;;;Ja;Ouders zijn gebeld en gevraagd of ze alsnog toestemming willen geven;;;Ja;;Ja, in alle gangen/gedeelde ruimtes;Ja;Ja;1;0;0;0;Nee;1;1;0;50;50;0;0;0;0;0;1;0;1;Voornamelijk losse zitplaatsen;Ja, per vak zelfde klassering;De docenten wisselen van klaslokalen tussen de lessen, leerlingen blijven (zoveel mogelijk) in hetzelfde lokaal;1;1;0
E3D6122E-7EBC-4622-8A91-D07F90DB128B;27;14-4-2021 10:13;14-4-2021 10:13;100;19-5-2021 15:34;No parent;S2 Vragenlijst na testronde - Futura College - testrondes 6-9 april;09F49837-3D0C-44D7-9E52-870D566E1153;117;Medewerker (contact leerling);2;;Nee;Nee;Schriftelijk;Ja;Wij hebben de betreffende ouders nogmaals benaderd (gebeld).2 ouders gaven alsnog toestemming.;72;72 uur, het komt omdat de melding op zaterdag voor Pasen is gekomen. Op de eerstvolgende schooldag (dinsdag) vond de testronde plaats. ;Ja;;Ja, in alle gangen/gedeelde ruimtes;Ja;Ja;1;1;0;0;Ja;1;1;0;50;50;1;0;0;0;0;1;0;0;Voornamelijk losse zitplaatsen;Ja, alle vakken zelfde klassering;De leerlingen wisselen van klaslokalen tussen de lessen, docenten blijven (zoveel mogelijk) in hetzelfde lokaal;1;1;0
E42AEBD8-A509-47FA-889D-155CBF9BA96F;9;5-3-2021 15:04;8-3-2021 4:04;100;19-5-2021 16:43;No parent;S2 Vragenlijst na testronde - VLC Mijdrecht - testrondes 5-8maart - index 2;9DCA3DE8-9F90-4FBD-8555-051080661AB0;11;Leerling;1;0;Nee;;;Ja;leerlingen ter plekke laten invullen ( waren ouder dan 16);;;Ja;;Ja, in alle gangen/gedeelde ruimtes;Ja;Nee;1;1;0;0;Ja;1;0;0;50;;0;0;0;0;0;0;0;1;Voornamelijk in tweetallen;;;0;0;0
E52CE52F-6B86-4CA5-BE48-F81AFF0E9127;8;21-3-2021 21:33;22-3-2021 4:04;100;19-5-2021 16:32;No parent;S2 Vragenlijst na testronde - Sprengerloo - testrondes 18-22 maart;777AC374-E541-4FD0-BB3C-0CEAE303A7B4;57;Medewerker (contact leerling);2;;Nee;;;Ja;;24;;Ja;;Ja, in alle gangen/gedeelde ruimtes;Ja;;1;1;0;0;Ja;1;0;0;50;;1;0;0;0;0;0;0;1;Voornamelijk losse zitplaatsen;Nee;De docenten wisselen van klaslokalen tussen de lessen, leerlingen blijven (zoveel mogelijk) in hetzelfde lokaal;1;1;0
E851DDB5-EFF2-4C55-930F-CF58D42E47F4;1;4-3-2021 9:44;4-3-2021 9:51;100;19-5-2021 15:13;No parent;S2 Vragenlijst na testronde - Christelijk Lyceum - testrondes 12-17 februari;B0012FB7-1835-428C-93BC-4B84005A431B;5;Leerling;1;0;Nee;Betreft de lockdownperiode, zie hierboven;;Ja;echter het proces is voor leerlingen dusdanig ingewikkeld dat ze vervolgens fouten maken of incomplete toestemmingen sturen. Het leidt ook tot verstoringen van het onderwijsproces. Daarom is voor deze situatie het resultaat 0 geweest;;;Ja;;Ja, in alle gangen/gedeelde ruimtes;Ja;Ja;1;1;0;0;Ja;0;0;1;;;0;0;0;0;0;0;0;0;Voornamelijk losse zitplaatsen;Nee;De leerlingen wisselen van klaslokalen tussen de lessen, docenten blijven (zoveel mogelijk) in hetzelfde lokaal;1;1;0
EADBA034-D756-458F-877B-92A37FD06C13;32;6-4-2021 11:44;6-4-2021 11:45;50;;No parent;S2 Vragenlijst na testronde - Gentiaan College - Testrondes 10&15 mrt;1CD2A2C2-F06B-4976-BACD-56B229A73EFD;24;Medewerker (contact leerling);1;;Nee;nee;;Ja;Beide leerlingen gaven alsnog toestemming. ;32;Leerlingen waren niet op school i.v.m. studiedag daarom is het naar de dag daarop gepland.;Ja;;Ja, in alle gangen/gedeelde ruimtes;Ja;Ja;0;1;0;0;Ja;1;1;0;;;0;0;0;0;0;0;0;0;;;;0;0;0
EDE280BF-FC34-45C0-B745-0719B1BEA775;30;6-4-2021 13:13;6-4-2021 13:13;100;19-5-2021 16:30;No parent;S2 Vragenlijst na testronde - ProNova College - testrondes 29-31 maart;7E5ADACC-CE63-414B-817A-53EEBC58FE76;102;Leerling;2;25;Nee;nee;;Ja;Ouders gebeld en alsnog een toestemmings brief mee laten nemen;24;;Ja;;Ja, in alle gangen/gedeelde ruimtes;Ja;Nee;1;1;0;0;Ja;1;0;0;50;;1;1;1;0;0;1;0;0;Voornamelijk losse zitplaatsen;Ja, per vak zelfde klassering;De leerlingen wisselen van klaslokalen tussen de lessen, docenten blijven (zoveel mogelijk) in hetzelfde lokaal;1;1;0
F4CB2D4C-C863-47D7-82C3-F4A9A803DA8C;9;6-4-2021 12:10;6-4-2021 12:12;100;19-5-2021 16:43;No parent;S2 Vragenlijst na testronde - VLC Mijdrecht - testrondes 30 maart en 1 april;96318274-CE87-4739-9B9D-608C7AF24346;98;Leerling;3;0;Nee;n.v.t.;;Nee;;24;;Ja;;Ja, in alle gangen/gedeelde ruimtes;Ja;Nee;1;1;0;0;Ja;1;0;0;50;;0;0;0;0;0;0;0;1;Voornamelijk losse zitplaatsen;Ja, per vak zelfde klassering;De docenten wisselen van klaslokalen tussen de lessen, leerlingen blijven (zoveel mogelijk) in hetzelfde lokaal;1;1;0
FBFDB0ED-1AD2-4FFC-B45D-85D882BE6BF5;4;21-3-2021 21:26;22-3-2021 4:04;100;19-5-2021 15:49;No parent;S2 Vragenlijst na testronde - Gymnasium Apeldoorn - testrondes 19-22 maart;55CBCC59-AE22-4888-AA6B-4C0FEF7C8EFF;56;Leerling;1;0;Nee;nee;;Nee;;3;geen;Ja;;Ja, in alle gangen/gedeelde ruimtes;Ja;Ja;1;0;0;0;Nee;1;1;0;50;50;0;0;0;0;1;1;0;0;Voornamelijk losse zitplaatsen;Nee;De leerlingen wisselen van klaslokalen tussen de lessen, docenten blijven (zoveel mogelijk) in hetzelfde lokaal;1;1;0
061FF8D0-FD58-4A50-A259-48C4ECE0C46C;3;17-3-2021 12:54;17-3-2021 12:54;0;;No parent;S2 Vragenlijst na testronde - Edison Apeldoorn - testrondes 17-22 maart;79834017-A978-437B-AA73-DE8CDC5D122F;42;;;;;;;;;;;;;;;;0;0;0;0;;0;0;0;;;0;0;0;0;0;0;0;0;;;;0;0;0
08803056-6A51-488E-BE0E-2A5B93404A72;1;25-3-2021 10:48;25-3-2021 10:48;100;19-5-2021 15:16;No parent;S2 Vragenlijst na testronde - Christelijk Lyceum - testrondes 23-26 maart;5360AD9E-450D-4DB9-B561-797F17024ACB;66;Leerling;3;0;Nee;nee;;Ja;zie andere formulieren;100;de testaanbieder kon niet dezelfde dag. Testaanbieder gafa aan te weinig capaciteit;;;;;;0;0;0;0;;0;0;0;;;0;0;0;0;0;0;0;0;;;;0;0;0
0E9EEFDA-42D0-42F4-8C91-48F1C7892759;30;14-4-2021 17:08;18-4-2021 10:24;50;;No parent;S2 Vragenlijst na testronde - ProNova College - testrondes 13-16 april;341478C4-AE3D-4995-BB94-731168451DEE;158;Leerling;3;;;;;;;;;;;;;;0;0;0;0;;0;0;0;;;0;0;0;0;0;0;0;0;;;;0;0;0
12D25743-DA03-4582-B59E-A7D3CDE33EB6;7;21-3-2021 20:06;24-3-2021 4:15;0;;No parent;S2 Vragenlijst na testronde - Mheenpark Apeldoorn -  testrondes 22 en 24 maart;54E96F84-D779-43FA-91E4-8AFC7418C90A;;;;;;;;;;;;;;;;;0;0;0;0;;0;0;0;;;0;0;0;0;0;0;0;0;;;;0;0;0
1B7115FD-DD7F-4B6F-BED2-048416D0F2A5;45;14-4-2021 9:39;14-4-2021 9:39;100;19-5-2021 15:07;No parent;S2 Vragenlijst na testronde - Cals Nieuwegein - testrondes 18  en 22 maart;D4983BD1-2807-470D-8067-C44A44DF63BA;74;Leerling;1;0;Ja;;Digitaal;Ja;Mail;48;;Ja;;;Ja;Nee;1;1;0;0;Ja;0;0;0;;;0;0;1;1;1;1;1;0;;;De docenten wisselen van klaslokalen tussen de lessen, leerlingen blijven (zoveel mogelijk) in hetzelfde lokaal;1;1;0
1B9AFDC2-C1F3-427B-90A0-CF69354F276D;16;6-4-2021 12:29;6-4-2021 12:29;0;;No parent;S2 Vragenlijst na testronde - Marnix Gymnasium - testrondes 31 maart & 6 april;05A5FBC7-8079-4199-9210-2C914E2519A4;;;;;;;;;;;;;;;;;0;0;0;0;;0;0;0;;;0;0;0;0;0;0;0;0;;;;0;0;0
1D16D5CC-7D61-4703-AA0B-A3C92EFF7C8B;15;14-4-2021 16:33;18-4-2021 10:24;0;;No parent;S2 Vragenlijst na testronde - Farelcollege - testrondes 12 en 19 april;B7D64040-DCBE-49EB-AFC5-BD6F8D3B4D45;;;;;;;;;;;;;;;;;0;0;0;0;;0;0;0;;;0;0;0;0;0;0;0;0;;;;0;0;0
1E51E3A0-C100-4FF4-931E-D72DD77C788F;17;14-4-2021 10:22;14-4-2021 10:22;0;;No parent;S2 Vragenlijst na testronde - Melanchthon Schiebroek- testrondes 7-9 april;E8BCEA62-ED61-4E9F-93CD-5DAEFE295709;121;;;;;;;;;;;;;;;;0;0;0;0;;0;0;0;;;0;0;0;0;0;0;0;0;;;;0;0;0
1F7B5AC7-D18E-4971-8ADB-E91FC1002C7A;15;6-4-2021 13:08;6-4-2021 13:08;0;;No parent;S2 Vragenlijst na testronde - Farelcollege - testrondes 29 maart en 1 april;E3BA0AED-481D-42C5-90D6-AD04A22C5552;;;;;;;;;;;;;;;;;0;0;0;0;;0;0;0;;;0;0;0;0;0;0;0;0;;;;0;0;0
22D5F23A-9D7A-4752-BAEE-92D1CF2330DF;7;21-3-2021 20:06;23-3-2021 4:06;0;;No parent;S2 Vragenlijst na testronde - Mheenpark Apeldoorn -  testrondes 19 en 23 maart;0B6802BE-ED26-488E-9A36-C7B7C670E5E5;;;;;;;;;;;;;;;;;0;0;0;0;;0;0;0;;;0;0;0;0;0;0;0;0;;;;0;0;0
281D7656-AAC4-4205-A420-A4C94E71DC29;2;17-3-2021 12:57;18-3-2021 4:04;0;;No parent;S2 Vragenlijst na testronde - Cortenbosch - testrondes 18 en 23 maart;E7704890-DB6E-4818-8F58-D0575152009B;46;;;;;;;;;;;;;;;;0;0;0;0;;0;0;0;;;0;0;0;0;0;0;0;0;;;;0;0;0
2DE70D13-459F-4553-8009-40AB6E2681F2;16;14-4-2021 16:24;16-4-2021 10:56;0;;No parent;S2 Vragenlijst na testronde - Marnix Gymnasium - testrondes 12-15 april;20918A71-1D39-41D2-AB43-9CD442F9901F;;;;;;;;;;;;;;;;;0;0;0;0;;0;0;0;;;0;0;0;0;0;0;0;0;;;;0;0;0
2F69DE06-5BFD-426B-B857-EE44616A6672;16;20-4-2021 13:47;23-4-2021 4:05;0;;No parent;S2 Vragenlijst na testronde - Marnix Gymnasium - testrondes 21-23 april;7154127A-97FD-400F-9F2B-2158805E5A79;;;;;;;;;;;;;;;;;0;0;0;0;;0;0;0;;;0;0;0;0;0;0;0;0;;;;0;0;0
3A152730-9595-48E2-BE52-1DC31C106D90;17;14-4-2021 10:22;14-4-2021 10:22;0;;No parent;S2 Vragenlijst na testronde - Melanchthon Schiebroek- testrondes 8-12 april;F4CC0C4C-4E00-4989-A7F3-3F2316AC78CB;133;;;;;;;;;;;;;;;;0;0;0;0;;0;0;0;;;0;0;0;0;0;0;0;0;;;;0;0;0
3D303C31-D0E5-43A1-89EF-8E4716E879A2;5;21-3-2021 19:55;22-3-2021 4:04;0;;No parent;S2 Vragenlijst na testronde - Heemgaard - testrondes 17-22 maart;8C214BB0-3C2F-4685-A34C-83E3EE45B890;43;;;;;;;;;;;;;;;;0;0;0;0;;0;0;0;;;0;0;0;0;0;0;0;0;;;;0;0;0
3F0A3D39-517D-4837-9802-D1069E6701FB;15;12-3-2021 12:53;6-4-2021 13:08;0;;No parent;S2 Vragenlijst na testronde - Farelcollege - testrondes 11 en 15 maart;4ED40862-E37B-4706-884E-6E6C717D82D4;;;;;;;;;;;;;;;;;0;0;0;0;;0;0;0;;;0;0;0;0;0;0;0;0;;;;0;0;0
493BE3C9-F5A7-478B-8973-A51A03639704;15;20-4-2021 14:11;23-4-2021 4:05;0;;No parent;S2 Vragenlijst na testronde - Farelcollege - testronde 23 april;1738AB38-7AFE-42B0-824F-0306F750E473;;;;;;;;;;;;;;;;;0;0;0;0;;0;0;0;;;0;0;0;0;0;0;0;0;;;;0;0;0
5A088594-3C30-41A6-81C6-9FCEEAA125CB;34;16-4-2021 15:04;18-4-2021 10:24;0;;No parent;S2 Vragenlijst na testronde - Amadeus Lyceum - testrondes 19-22 april;D325CE14-C26D-4C07-A292-5709A3410D54;;;;;;;;;;;;;;;;;0;0;0;0;;0;0;0;;;0;0;0;0;0;0;0;0;;;;0;0;0
5B6BF437-9583-4F6F-AE7E-32994998979C;7;12-3-2021 12:55;15-3-2021 13:23;0;;No parent;S2 Vragenlijst na testronde - Mheenpark Apeldoorn -  testrondes 11 en 15 maart;546A10A7-D228-4ADB-A526-C66D08DBD5F3;;;;;;;;;;;;;;;;;0;0;0;0;;0;0;0;;;0;0;0;0;0;0;0;0;;;;0;0;0
62452592-1672-417B-BDFE-663972D2F71E;39;25-3-2021 10:12;6-4-2021 13:03;100;19-5-2021 16:23;No parent;S2 Vragenlijst na testronde - Oosterlicht Nieuwegein - testrondes 23-26 maart (Index 1);AFB9F5F2-C296-45E8-97B5-C9CA2130A7E7;69;Leerling;2;15;Ja;;;Nee;;24;;;;;;;0;0;0;0;;0;0;0;;;0;0;0;0;0;0;0;0;;;;0;0;0
739A14A8-054F-4B31-B472-8F1662158356;37;20-4-2021 14:10;23-4-2021 4:05;0;;No parent;S2 Vragenlijst na testronde - Gerrit Rietveld College - testronde 22 april;14FD26CB-E434-4C5F-A181-55B918048688;;;;;;;;;;;;;;;;;0;0;0;0;;0;0;0;;;0;0;0;0;0;0;0;0;;;;0;0;0
73A44D21-01C3-4E38-8D3C-9A691F5386BF;11;15-4-2021 15:40;18-4-2021 10:23;0;;No parent;S2 Vragenlijst na testronde - Veluws College Twello - testrondes 16-19 april;320EFBB6-37F8-4FB6-AEEA-5540B5271715;163;;;;;;;;;;;;;;;;0;0;0;0;;0;0;0;;;0;0;0;0;0;0;0;0;;;;0;0;0
805161D8-FA13-4D38-8CCA-C2F38B33A8AE;15;14-4-2021 16:35;18-4-2021 10:24;0;;No parent;S2 Vragenlijst na testronde - Farelcollege - testrondes 14 en 19 april;F315668A-7186-4090-872D-95376CCD9BC1;;;;;;;;;;;;;;;;;0;0;0;0;;0;0;0;;;0;0;0;0;0;0;0;0;;;;0;0;0
86C86A13-90C5-48FA-8593-482C7E54AF0F;45;6-4-2021 12:56;6-4-2021 12:56;100;19-5-2021 15:10;No parent;S2 Vragenlijst na testronde - Cals Nieuwegein - testrondes 2 en 6 april;3AF66D32-790F-4FD2-99C2-718BE67A016A;112;Leerling;2;0;Nee;;;Ja;Extra mail gestuurd, nog 2 toestemmingen.;48;;Ja;;;Ja;Nee;1;1;0;0;Ja;0;0;0;;;0;0;1;1;1;1;1;0;;;De docenten wisselen van klaslokalen tussen de lessen, leerlingen blijven (zoveel mogelijk) in hetzelfde lokaal;1;1;0
8E0FC9E5-C551-408A-83A3-7355040CD106;29;6-4-2021 11:56;6-4-2021 11:56;0;;No parent;S2 Vragenlijst na testronde - Ithaka Utrecht - testrondes 26&29 maart;A841FB52-0CBD-4626-8E6A-748455C61789;;;;;;;;;;;;;;;;;0;0;0;0;;0;0;0;;;0;0;0;0;0;0;0;0;;;;0;0;0
8E112F94-539C-473B-9D56-AC6351970EAA;17;4-3-2021 9:46;6-4-2021 12:45;50;;No parent;S2 Vragenlijst na testronde - Melanchthon Schiebroek- testrondes 15-18 februari;9581A263-04B5-4A6F-88D3-9B6831B4A022;6;Medewerker (contact leerling);;;;;;;;;;;;;;;0;0;0;0;;0;0;0;;;0;0;0;0;0;0;0;0;;;;0;0;0
9196D038-DF43-4A3E-A987-AD41AFE3AF6B;39;14-4-2021 10:33;14-4-2021 10:33;0;;No parent;S2 Vragenlijst na testronde - Oosterlicht Nieuwegein - testrondes 9 en 13 april;6019AB9B-E363-4399-8172-3CFF4F779717;;;;;;;;;;;;;;;;;0;0;0;0;;0;0;0;;;0;0;0;0;0;0;0;0;;;;0;0;0
9255B89E-B882-4999-A2D6-D2431DA0B738;42;21-3-2021 20:02;22-3-2021 4:04;100;19-5-2021 16:36;No parent;S2 Vragenlijst na testronde - St Gregorius College - testrondes 18-22 maart;D70C7159-C70F-4567-B5EF-C1E9C209270C;48;Leerling;1;;;;;;;;;;;;;;0;0;0;0;;0;0;0;;;0;0;0;0;0;0;0;0;;;;0;0;0
A1D1C328-CFBD-41E2-97E1-14FB52FDC6B1;7;25-3-2021 10:48;25-3-2021 10:48;0;;No parent;S2 Vragenlijst na testronde - Mheenpark Apeldoorn -  testrondes 19 en 22 maart;02DC8E49-6F71-4C2A-909E-F5E028FD1691;;;;;;;;;;;;;;;;;0;0;0;0;;0;0;0;;;0;0;0;0;0;0;0;0;;;;0;0;0
A9F0078C-B186-41D9-AB35-93359D02111B;10;6-4-2021 12:12;6-4-2021 12:12;100;19-5-2021 16:47;No parent;S2 Vragenlijst na testronde - VLC Vinkeveen - testrondes 30 maart en 1 april;9CABB8E4-EA97-4F8B-8D96-27E3BCB7F40B;100;Leerling;1;0;Nee;;;Nee;;24;;;;;;;0;0;0;0;;0;0;0;;;0;0;0;0;0;0;0;0;;;;0;0;0
AFE1C6FB-96AD-496F-8533-9ACA2034D259;15;14-4-2021 16:32;14-4-2021 16:32;0;;No parent;S2 Vragenlijst na testronde - Farelcollege - testrondes 7 en 9 april;1781B56B-BBD3-4607-AD1B-16645FD16581;;;;;;;;;;;;;;;;;0;0;0;0;;0;0;0;;;0;0;0;0;0;0;0;0;;;;0;0;0
BE85DFB2-A3EC-471D-B75A-D4C29FAE45D5;5;25-3-2021 10:58;28-3-2021 4:05;0;;No parent;S2 Vragenlijst na testronde - Heemgaard - testrondes 25-29 maart;EF0B517B-8A64-463C-868D-577C55CA1285;81;;;;;;;;;;;;;;;;0;0;0;0;;0;0;0;;;0;0;0;0;0;0;0;0;;;;0;0;0
BF9E6CBD-D091-41CA-B45D-C5C8F73F9C1F;45;14-4-2021 17:29;18-4-2021 10:24;100;19-5-2021 15:11;No parent;S2 Vragenlijst na testronde - Cals Nieuwegein - testrondes 15 en 20 april;6235E468-92B6-479B-86AC-424B0A202947;183;Leerling;1;0;Nee;;Digitaal;Ja;Mail;24;;Ja;;;Ja;Nee;1;1;0;0;Ja;0;0;0;;;0;0;1;1;1;1;1;0;;;;1;1;0
C601230C-83BA-401F-8419-2FD5FF82D559;35;6-4-2021 12:32;7-4-2021 4:08;0;;No parent;S2 Vragenlijst na testronde - Zuider Gymnasium - testrondes 6 en 9 april;0A091379-B493-48E6-A16A-63117CF7F8F5;115;;;;;;;;;;;;;;;;0;0;0;0;;0;0;0;;;0;0;0;0;0;0;0;0;;;;0;0;0
C6863F1F-6BAF-489A-9A23-A6C3475D1639;30;14-4-2021 17:08;14-4-2021 17:08;0;;No parent;S2 Vragenlijst na testronde - ProNova College - testrondes 7-9 april;13400F50-4225-43D3-87C2-48BDD266B64A;136;;;;;;;;;;;;;;;;0;0;0;0;;0;0;0;;;0;0;0;0;0;0;0;0;;;;0;0;0
C84931CE-FA7C-4D53-BB70-EF4C0B43B593;7;17-3-2021 12:49;17-3-2021 12:50;0;;No parent;S2 Vragenlijst na testronde - Mheenpark Apeldoorn -  testrondes 16 en 19 maart;193CF6D5-D471-4BBC-A03A-31D54594C4AC;;;;;;;;;;;;;;;;;0;0;0;0;;0;0;0;;;0;0;0;0;0;0;0;0;;;;0;0;0
CA530018-409A-4D3A-9CE6-A7CF2D71636D;15;20-4-2021 14:10;23-4-2021 4:05;0;;No parent;S2 Vragenlijst na testronde - Farelcollege - testronde 22 april;D99F999D-7F82-435A-A8B5-5885F55B6E02;;;;;;;;;;;;;;;;;0;0;0;0;;0;0;0;;;0;0;0;0;0;0;0;0;;;;0;0;0
CD699580-D72C-47DE-BE0E-F475147CEB33;37;6-4-2021 13:18;9-4-2021 4:04;0;;No parent;S2 Vragenlijst na testronde - Gerrit Rietveld College - testrondes 7-9 april;CE97B6E1-17D9-4926-B98B-148A65523194;;;;;;;;;;;;;;;;;0;0;0;0;;0;0;0;;;0;0;0;0;0;0;0;0;;;;0;0;0
CF3500E9-3CF8-47AD-B001-CD2236541909;15;6-4-2021 13:08;6-4-2021 13:08;0;;No parent;S2 Vragenlijst na testronde - Farelcollege - testrondes 31 maart en 6 april;256E594D-E32A-462D-AF4B-1534434FD196;;;;;;;;;;;;;;;;;0;0;0;0;;0;0;0;;;0;0;0;0;0;0;0;0;;;;0;0;0
CF78AE2B-C8BA-4B9B-81CA-93F80C6E146A;35;14-4-2021 17:36;16-4-2021 10:56;0;;No parent;S2 Vragenlijst na testronde - Zuider Gymnasium - testrondes 12 en 15 april;9F2C885D-BA72-434C-A07D-6F9C1AF9A17C;152;;;;;;;;;;;;;;;;0;0;0;0;;0;0;0;;;0;0;0;0;0;0;0;0;;;;0;0;0
D6A1611C-497F-49E3-9FCA-D4D13782BD00;3;9-3-2021 9:55;11-3-2021 4:04;0;;No parent;S2 Vragenlijst na testronde - Edison Apeldoorn - testrondes 8-11 maart;771185C2-548F-414B-84B4-3204CBFBD834;21;;;;;;;;;;;;;;;;0;0;0;0;;0;0;0;;;0;0;0;0;0;0;0;0;;;;0;0;0
E5B42084-65B5-48E9-9F2D-35DA5B4A8A6C;37;14-4-2021 10:55;16-4-2021 13:45;0;;No parent;S2 Vragenlijst na testronde - Gerrit Rietveld College - testrondes 12-14 april;191D53AC-6A36-4B94-BDCE-13630A6BD8EF;;;;;;;;;;;;;;;;;0;0;0;0;;0;0;0;;;0;0;0;0;0;0;0;0;;;;0;0;0
E7FAC08F-5CC3-4BF7-BE33-C2A2C30A69F9;39;14-4-2021 16:52;18-4-2021 10:24;0;;No parent;S2 Vragenlijst na testronde - Oosterlicht Nieuwegein - testrondes 13 en 16 april;7ACB19F8-F7EF-402F-A6BA-6827422786F8;;;;;;;;;;;;;;;;;0;0;0;0;;0;0;0;;;0;0;0;0;0;0;0;0;;;;0;0;0
F3AC6F1B-A859-44F1-89D8-02180B71CDEF;17;6-4-2021 12:44;6-4-2021 12:45;0;;No parent;S2 Vragenlijst na testronde - Melanchthon Schiebroek- testrondes 1 en 6 april;7573C780-8E99-4B86-BF4D-98626D25C592;111;;;;;;;;;;;;;;;;0;0;0;0;;0;0;0;;;0;0;0;0;0;0;0;0;;;;0;0;0
F86349A6-32C7-4EF7-B0EA-A46710EE3B02;36;14-4-2021 9:56;14-4-2021 9:56;0;;No parent;S2 Vragenlijst na testronde - Alfrink College - testrondes 9-12 april;4622B63B-55B2-4EF1-8CAA-DBEDE4979889;;;;;;;;;;;;;;;;;0;0;0;0;;0;0;0;;;0;0;0;0;0;0;0;0;;;;0;0;0
FE43C8E5-87A0-4117-9C2D-9178B28D02D5;34;15-4-2021 15:41;18-4-2021 10:24;0;;No parent;S2 Vragenlijst na testronde - Amadeus Lyceum - testrondes 16-19 april;865C7755-1267-4549-BA86-F3288C68030C;;;;;;;;;;;;;;;;;0;0;0;0;;0;0;0;;;0;0;0;0;0;0;0;0;;;;0;0;0
